-- phpMyAdmin SQL Dump
-- version 5.2.1
-- https://www.phpmyadmin.net/
--
-- Host: localhost:3306
-- Generation Time: Jul 27, 2023 at 08:29 PM
-- Server version: 8.0.33-cll-lve
-- PHP Version: 8.1.16

SET SQL_MODE = "NO_AUTO_VALUE_ON_ZERO";
START TRANSACTION;
SET time_zone = "+00:00";


/*!40101 SET @OLD_CHARACTER_SET_CLIENT=@@CHARACTER_SET_CLIENT */;
/*!40101 SET @OLD_CHARACTER_SET_RESULTS=@@CHARACTER_SET_RESULTS */;
/*!40101 SET @OLD_COLLATION_CONNECTION=@@COLLATION_CONNECTION */;
/*!40101 SET NAMES utf8mb4 */;

--
-- Database: `zarchimn_zarchi`
--

-- --------------------------------------------------------

--
-- Table structure for table `category1`
--

CREATE TABLE `category1` (
  `id` int NOT NULL,
  `userID` int NOT NULL,
  `title` varchar(128) CHARACTER SET utf8mb3 COLLATE utf8mb3_unicode_ci NOT NULL,
  `words` text CHARACTER SET utf8mb3 COLLATE utf8mb3_unicode_ci NOT NULL,
  `icon` varchar(255) CHARACTER SET utf8mb3 COLLATE utf8mb3_unicode_ci DEFAULT NULL,
  `status` tinyint(1) NOT NULL DEFAULT '0' COMMENT '0-public,1-brand',
  `category_viewer` int NOT NULL DEFAULT '0',
  `active` tinyint NOT NULL DEFAULT '0' COMMENT '0-review, 1-dismiss, 2-active'
) ENGINE=MyISAM DEFAULT CHARSET=utf8mb3 COLLATE=utf8mb3_unicode_ci;

--
-- Dumping data for table `category1`
--

INSERT INTO `category1` (`id`, `userID`, `title`, `words`, `icon`, `status`, `category_viewer`, `active`) VALUES
(1, 1, 'Хувцас хэрэглэл', 'Размер', '20230630102928_clotheshanger2.png', 0, 0, 2),
(2, 1, 'Үл хөдлөх', 'Талбай,Барилгын явц,Лизингээр авах боломж', '20230630103204_realestate.png', 0, 0, 2),
(3, 1, 'Автомашин', 'Мотор багтаамж,Хурдны хайрцаг,Хүрд,Төрөл,Өнгө,Үйлдвэрлэсэн он,Орж ирсэн он,Хөдөлгүүр,Дотор өнгө,Лизинг,Хаяг байршил,Хөтлөгч,Явсан,Нөхцөл,Хаалга', '20230630103621_car2.png', 0, 0, 2),
(4, 1, 'Ажлын зар', 'Ажлын цаг,Зарлагч,Туршлага,Мэргэжлийн түвшин', '20230630103801_Double-J-Design-Diagram-Free-Suitcase.128.png', 0, 0, 2),
(5, 1, 'Хүүхдийн бараа', '', '20230630103906_kidcloth.png', 0, 0, 2),
(6, 1, 'Компьютер сэлбэг хэрэгсэл', '', '20230630104021_Icons-Land-Vista-Hardware-Devices-Portable-Computer.256.png', 0, 0, 2),
(7, 1, 'Утас дугаар', '', '20230630104131_Designcontest-Ecommerce-Business-Iphone.256.png', 0, 0, 2),
(8, 1, 'Цахилгаан бараа', '', '20230630104222_Julie-Henriksen-Kitchen-Rotating-Stand-Mixer.512.png', 0, 0, 2),
(9, 1, 'Гэр ахуйн бараа', '', '20230630104257_red-sofa-furniture-icon-png-4.png', 0, 0, 2),
(10, 1, 'Төхөөрөмж материал түлш', '', '20230630104351_Treetog-Junior-Tool-box.256.png', 0, 0, 2),
(11, 1, 'Амралт спорт хобби', '', '20230630104437_Kevin-Andersson-Sportset-Basketball.128.png', 0, 0, 2),
(12, 1, 'Эрүүл мэнд гоо сайхан хүнс', '', '20230630104518_4773193.png', 0, 0, 2),
(13, 1, 'Мал амьтан ургамал', '', '20230630104604_Google-Noto-Emoji-Animals-Nature-22215-dog.512.png', 0, 0, 2),
(14, 1, 'Үйлчилгээ', '', '20230630104647_6568544.png', 0, 0, 2),
(15, 1, 'Үнэгүй өгнө', '', '20230630104839_8620728.png', 0, 0, 2);

-- --------------------------------------------------------

--
-- Table structure for table `category2`
--

CREATE TABLE `category2` (
  `id` int NOT NULL,
  `userID` int NOT NULL,
  `title` varchar(128) CHARACTER SET utf8mb3 COLLATE utf8mb3_unicode_ci NOT NULL,
  `words` text CHARACTER SET utf8mb3 COLLATE utf8mb3_unicode_ci NOT NULL,
  `icon` varchar(255) CHARACTER SET utf8mb3 COLLATE utf8mb3_unicode_ci DEFAULT NULL,
  `parent` int NOT NULL,
  `status` tinyint(1) NOT NULL DEFAULT '0' COMMENT '0-public,1-private',
  `category_viewer` int NOT NULL DEFAULT '0',
  `active` tinyint NOT NULL DEFAULT '0' COMMENT '0-review, 1-dismiss, 2-active'
) ENGINE=MyISAM DEFAULT CHARSET=utf8mb3 COLLATE=utf8mb3_unicode_ci;

--
-- Dumping data for table `category2`
--

INSERT INTO `category2` (`id`, `userID`, `title`, `words`, `icon`, `parent`, `status`, `category_viewer`, `active`) VALUES
(1, 1, 'Эмэгтэй хувцас', 'Размер', NULL, 1, 0, 0, 2),
(2, 1, 'Эрэгтэй хувцас', 'Размер', NULL, 1, 0, 0, 2),
(3, 1, 'Гутал пүүз', 'Размер', NULL, 1, 0, 0, 2),
(4, 1, 'Малгай цүнх', 'Размер', NULL, 1, 0, 0, 2),
(5, 1, 'Гоёл чимэглэл, бугуйн цаг', 'Размер', NULL, 1, 0, 0, 2),
(6, 1, 'Ажлын хувцас', 'Размер', NULL, 1, 0, 0, 2),
(7, 1, 'Бусад', 'Размер', NULL, 1, 0, 0, 2),
(8, 1, 'Үл хөдлөх зарна', 'Талбай,Барилгын явц,Лизингээр авах боломж', NULL, 2, 0, 0, 2),
(9, 1, 'Үл хөдлөх түрээслүүлнэ', 'Талбай,Барилгын явц,Лизингээр авах боломж', NULL, 2, 0, 0, 2),
(10, 1, 'Автомашин зарна', '', NULL, 3, 0, 0, 2),
(11, 1, 'Авто сэлбэг, туслах хэрэгслүүд', '', NULL, 3, 0, 0, 2),
(12, 1, 'Ачааны машин, автобус, хүнд механизм', '', NULL, 3, 0, 0, 2),
(13, 1, 'Авто дугуй, обуд', '', NULL, 3, 0, 0, 2),
(14, 1, 'Авто түрээслүүлнэ', 'Төрөл,Жолооч', NULL, 3, 0, 0, 2),
(15, 1, 'Мотоцикл, мопед', 'Лизинг', NULL, 3, 0, 0, 2),
(16, 1, 'Авто үйлчилгээ, засвар', '', NULL, 4, 0, 0, 2),
(17, 1, 'Аялал жуулчлал, зочид буудал', '', NULL, 4, 0, 0, 2),
(18, 1, 'Банк, санхүү, нябо, нярав', '', NULL, 4, 0, 0, 2),
(19, 1, 'Барилга, дэд бүтэц', '', NULL, 4, 0, 0, 2),
(20, 1, 'Боловсрол, шинжлэх ухаан', '', NULL, 4, 0, 0, 2),
(21, 1, 'Борлуулалт, худалдаа', '', NULL, 4, 0, 0, 2),
(22, 1, 'Гоо сайхан, фитнес, спорт', '', NULL, 4, 0, 0, 2),
(23, 1, 'Гүйцэтгэх удирдлага', 'Ажлын цаг,Зарлагч,Туршлага,Мэргэжлийн түвшин', NULL, 4, 0, 0, 2),
(24, 1, 'Дизайн, урлаг, уран сайхан', '', NULL, 4, 0, 0, 2),
(25, 1, 'Захиргаа, Хүний нөөц', '', NULL, 4, 0, 0, 2),
(26, 1, 'Маркетинг, PR менежмент', '', NULL, 4, 0, 0, 2),
(27, 1, 'МТ, харилцаа холбоо', '', NULL, 4, 0, 0, 2),
(28, 1, 'Менежер, төлөөлөгч', 'Ажлын цаг,Зарлагч,Туршлага,Мэргэжлийн түвшин', NULL, 4, 0, 0, 2),
(29, 1, 'Pесторан, кафе, паб', '', NULL, 4, 0, 0, 2),
(30, 1, 'Сэтгүүлч, редактор (ХМХ)', 'Ажлын цаг,Зарлагч,Туршлага,Мэргэжлийн түвшин', NULL, 4, 0, 0, 2),
(31, 1, 'Тээвэр, гааль, агуулах', '', NULL, 4, 0, 0, 2),
(32, 1, 'Туслах ажилчин', '', NULL, 4, 0, 0, 2),
(33, 1, 'Уул уурхай', '', NULL, 4, 0, 0, 2),
(34, 1, 'Харуул хамгаалалт', '', NULL, 4, 0, 0, 2),
(35, 1, 'ХАА, Байгаль экологи', 'Ажлын цаг,Зарлагч,Туршлага,Мэргэжлийн түвшин', NULL, 4, 0, 0, 2),
(36, 1, 'Хууль, эрх зүй', 'Ажлын цаг,Зарлагч,Туршлага,Мэргэжлийн түвшин', NULL, 4, 0, 0, 2),
(37, 1, 'Эрүүл мэнд, эм зүй', '', NULL, 4, 0, 0, 2),
(38, 1, 'Үйлдвэрлэл', '', NULL, 4, 0, 0, 2),
(39, 1, 'Үйлчилгээ', '', NULL, 4, 0, 0, 2),
(40, 1, 'Хүүхдийн хувцас', '', NULL, 5, 0, 0, 2),
(41, 1, 'Хүүхдийн гутал', '', NULL, 5, 0, 0, 2),
(42, 1, 'Эрүүл мэнд, гоо сайхан, живх', '', NULL, 5, 0, 0, 2),
(43, 1, 'Хүүхдийн тэрэг', '', NULL, 5, 0, 0, 2),
(44, 1, 'Хүүхдийн хоол хүнс', '', NULL, 5, 0, 0, 2),
(45, 1, 'Бүүвэйлэгч, хөлд оруулагч', '', NULL, 5, 0, 0, 2),
(46, 1, 'Хүүхдийн тавилга', '', NULL, 5, 0, 0, 2),
(47, 1, 'Хүүхдийн тоглоом', '', NULL, 5, 0, 0, 2),
(48, 1, 'Хүүхдийн машины суудал', '', NULL, 5, 0, 0, 2),
(49, 1, 'Үүргэвч', '', NULL, 5, 0, 0, 2),
(50, 1, 'Ванн, горшок', '', NULL, 5, 0, 0, 2),
(51, 1, 'Хүүхдийн бусад бараа', '', NULL, 5, 0, 0, 2),
(52, 1, 'Notebook', '', NULL, 6, 0, 0, 2),
(53, 1, 'Суурин компьютер', '', NULL, 6, 0, 0, 2),
(54, 1, 'Сэлбэг', 'Төрөл', NULL, 6, 0, 0, 2),
(55, 1, 'Дагалдах хэрэгсэл', '', NULL, 6, 0, 0, 2),
(56, 1, 'iPad, tablet', '', NULL, 6, 0, 0, 2),
(57, 1, 'PS, XBox, Nintendo', '', NULL, 6, 0, 0, 2),
(58, 1, 'Принтер, хувилагч, сканнер', 'Төрөл', NULL, 6, 0, 0, 2),
(59, 1, 'Принтерийн хор, бичгийн цаас', '', NULL, 6, 0, 0, 2),
(60, 1, 'Гар утасны дугаар', '', NULL, 7, 0, 0, 2),
(61, 1, 'Гар утас ба утаснууд', '', NULL, 7, 0, 0, 2),
(62, 1, 'Дагалдах хэрэгсэл', '', NULL, 7, 0, 0, 2),
(63, 1, 'Ухаалаг цаг (Smart watch)', '', NULL, 7, 0, 0, 2),
(64, 1, 'Гар утасны сэлбэг', '', NULL, 7, 0, 0, 2),
(65, 1, 'Фото, видео камер', '', NULL, 8, 0, 0, 2),
(66, 1, 'ТВ, Аudio + Video', '', NULL, 8, 0, 0, 2),
(67, 1, 'Гал тогооны цахилгаан бараа', '', NULL, 8, 0, 0, 2),
(68, 1, 'Зуух, халаагуур', '', NULL, 8, 0, 0, 2),
(69, 1, 'Угаалгын машин', '', NULL, 8, 0, 0, 2),
(70, 1, 'Тоос сорогч, хивс угаагч, индүү', '', NULL, 8, 0, 0, 2),
(71, 1, 'Агааржуулагч, сэнс', '', NULL, 8, 0, 0, 2),
(72, 1, 'Оёдлын машин', '', NULL, 8, 0, 0, 2),
(73, 1, 'Бусад', '', NULL, 8, 0, 0, 2),
(74, 1, 'Абажур, гэрэл, чийдэн', '', NULL, 9, 0, 0, 2),
(75, 1, 'Ариун цэврийн өрөөний хэрэглэл', '', NULL, 9, 0, 0, 2),
(76, 1, 'Бөс бараа, торго', '', NULL, 9, 0, 0, 2),
(77, 1, 'Гал тогооны хэрэгсэл, сав суулга', '', NULL, 9, 0, 0, 2),
(78, 1, 'Гэрийн чимэглэл, тохижилт', '', NULL, 9, 0, 0, 2),
(79, 1, 'Монгол гэр', '', NULL, 9, 0, 0, 2),
(80, 1, 'Тавилга', '', NULL, 9, 0, 0, 2),
(81, 1, 'Хивс, дорож, дэвсгэр', '', NULL, 9, 0, 0, 2),
(82, 1, 'Хөшиг, цагаан хэрэглэл, хөнжил, дэр', '', NULL, 9, 0, 0, 2),
(83, 1, 'Угаалга, цэвэрлэгээний хэрэгсэл', '', NULL, 9, 0, 0, 2),
(84, 1, 'Тоног төхөөрөмж, багаж хэрэгсэл', '', NULL, 10, 0, 0, 2),
(85, 1, 'Барилгын материал', '', NULL, 10, 0, 0, 2),
(86, 1, 'Түлээ, нүүрс, түлш', '', NULL, 10, 0, 0, 2),
(87, 1, 'Аяллын хэрэгсэл', '', NULL, 11, 0, 0, 2),
(88, 1, 'Загас ан агнуур', '', NULL, 11, 0, 0, 2),
(89, 1, 'Ном, бичиг хэрэгсэл', '', NULL, 11, 0, 0, 2),
(90, 1, 'Пянз, кассет, CD, DVD', '', NULL, 11, 0, 0, 2),
(91, 1, 'Спортын хэрэгсэл', '', NULL, 11, 0, 0, 2),
(92, 1, 'Хөгжмийн зэмсэг', '', NULL, 11, 0, 0, 2),
(93, 1, 'Цуглуулга', '', NULL, 11, 0, 0, 2),
(94, 1, 'Удирдлагатай тоглоом', '', NULL, 11, 0, 0, 2),
(95, 1, 'Унадаг дугуй, сэлбэг', '', NULL, 11, 0, 0, 2),
(96, 1, 'Үзвэр, арга хэмжээ', '', NULL, 11, 0, 0, 2),
(97, 1, 'Эрхийн бичиг, тасалбар', '', NULL, 11, 0, 0, 2),
(98, 1, 'Бусад', '', NULL, 11, 0, 0, 2),
(99, 1, 'Гоо сайхан', '', NULL, 12, 0, 0, 2),
(100, 1, 'Эрүүл мэнд', '', NULL, 12, 0, 0, 2),
(101, 1, 'Хүнс', '', NULL, 12, 0, 0, 2),
(102, 1, 'Мал амьтан', '', NULL, 13, 0, 0, 2),
(103, 1, 'Ургамал, мод, цэцэг', '', NULL, 13, 0, 0, 2),
(104, 1, 'Хөрс, бордоо, ургамал хамгаалал', '', NULL, 13, 0, 0, 2),
(105, 1, 'Түүхий эд, ноос', '', NULL, 13, 0, 0, 2),
(106, 1, 'Бусад', '', NULL, 13, 0, 0, 2),
(107, 1, 'Авто засвар', '', NULL, 14, 0, 0, 2),
(108, 1, 'Амралт, сувилал', '', NULL, 14, 0, 0, 2),
(109, 1, 'Аялал жуулчлал', '', NULL, 14, 0, 0, 2),
(110, 1, 'Байгаль орчны үнэлгээ, нөхөн сэргээлт', '', NULL, 14, 0, 0, 2),
(111, 1, 'Барилгын бүх ажил', '', NULL, 14, 0, 0, 2),
(112, 1, 'Бүх цэвэрлэгээ', '', NULL, 14, 0, 0, 2),
(113, 1, 'Жолоочийн үйлчилгээ', '', NULL, 14, 0, 0, 2),
(114, 1, 'Баярын худалдаа, үйлчилгээ', '', NULL, 14, 0, 0, 2),
(115, 1, 'Мөнгө санхүү, зээл', '', NULL, 14, 0, 0, 2),
(116, 1, 'Оёдол, хатгамал...', '', NULL, 14, 0, 0, 2),
(117, 1, 'Компьютер, интернет', '', NULL, 14, 0, 0, 2),
(118, 1, 'Нүүлгэлт, тээвэр', '', NULL, 14, 0, 0, 2),
(119, 1, 'Тавилга, мужаан', '', NULL, 14, 0, 0, 2),
(138, 1, 'Хоол захиалга', '', NULL, 14, 0, 0, 2),
(121, 1, 'Компани зарна', '', NULL, 14, 0, 0, 2),
(122, 1, 'Орчуулга, бичих, шивэх', '', NULL, 14, 0, 0, 2),
(123, 1, 'Тайлан, төсөл', '', NULL, 14, 0, 0, 2),
(124, 1, 'Түлхүүр, цоож засвар', '', NULL, 14, 0, 0, 2),
(125, 1, 'Уран зураг, баримал, сийлбэр', '', NULL, 14, 0, 0, 2),
(126, 1, 'Ургамал, мод тарих', '', NULL, 14, 0, 0, 2),
(127, 1, 'Уул уурхайн, өрөмдлөгийн үйлчилгээ', '', NULL, 14, 0, 0, 2),
(128, 1, 'Үсчин , гоо сайхан', '', NULL, 14, 0, 0, 2),
(129, 1, 'Харуул, хамгаалалт', '', NULL, 14, 0, 0, 2),
(130, 1, 'Хөрөнгө зуучлал, үнэлгээ', '', NULL, 14, 0, 0, 2),
(131, 1, 'Хууль, эрх зүйн', '', NULL, 14, 0, 0, 2),
(132, 1, 'Хүүхэд асрах', '', NULL, 14, 0, 0, 2),
(133, 1, 'Хэвлэл, реклам, медиа', '', NULL, 14, 0, 0, 2),
(134, 1, 'Цахилгаан бараа засвар', '', NULL, 14, 0, 0, 2),
(135, 1, 'Эмнэлэг, эмчилгээ', '', NULL, 14, 0, 0, 2),
(136, 1, 'Олсон, гээсэн баримт бичиг', '', NULL, 14, 0, 0, 2),
(137, 1, 'Бусад', '', NULL, 14, 0, 0, 2),
(139, 1, 'Сургалт, курс', '', NULL, 14, 0, 0, 2);

-- --------------------------------------------------------

--
-- Table structure for table `category3`
--

CREATE TABLE `category3` (
  `id` int NOT NULL,
  `userID` int NOT NULL,
  `title` varchar(128) CHARACTER SET utf8mb3 COLLATE utf8mb3_unicode_ci NOT NULL,
  `words` text CHARACTER SET utf8mb3 COLLATE utf8mb3_unicode_ci NOT NULL,
  `icon` varchar(255) CHARACTER SET utf8mb3 COLLATE utf8mb3_unicode_ci DEFAULT NULL,
  `parent` int NOT NULL,
  `status` tinyint(1) NOT NULL DEFAULT '0' COMMENT '0-public,1-private',
  `category_viewer` int NOT NULL DEFAULT '0',
  `active` tinyint NOT NULL DEFAULT '0' COMMENT '0-review, 1-dismiss, 2-active'
) ENGINE=MyISAM DEFAULT CHARSET=utf8mb3 COLLATE=utf8mb3_unicode_ci;

--
-- Dumping data for table `category3`
--

INSERT INTO `category3` (`id`, `userID`, `title`, `words`, `icon`, `parent`, `status`, `category_viewer`, `active`) VALUES
(1, 1, 'Даашинз', 'Размер', NULL, 1, 0, 0, 2),
(2, 1, 'Гадуур хувцас', 'Размер', NULL, 1, 0, 0, 2),
(3, 1, 'Гэрийн өмсгөл', 'Размер', NULL, 1, 0, 0, 2),
(4, 1, 'Дотуур хувцас', 'Размер', NULL, 1, 0, 0, 2),
(5, 1, 'Дээл', 'Размер', NULL, 1, 0, 0, 2),
(6, 1, 'Жирэмсний хувцас', 'Размер', NULL, 1, 0, 0, 2),
(7, 1, 'Костюм, зангиа', 'Размер', NULL, 1, 0, 0, 2),
(8, 1, 'Өмд', 'Размер', NULL, 1, 0, 0, 2),
(9, 1, 'Светер', 'Размер', NULL, 1, 0, 0, 2),
(10, 1, 'Спорт өмсгөл, усны хувцас', 'Размер', NULL, 1, 0, 0, 2),
(11, 1, 'Футболк', 'Размер', NULL, 1, 0, 0, 2),
(12, 1, 'Цамц', 'Размер', NULL, 1, 0, 0, 2),
(13, 1, 'Юбка', 'Размер', NULL, 1, 0, 0, 2),
(14, 1, 'Гадуур хувцас', 'Размер', NULL, 2, 0, 0, 2),
(15, 1, 'Гэрийн өмсгөл', 'Размер', NULL, 2, 0, 0, 2),
(16, 1, 'Дотуур хувцас', 'Размер', NULL, 2, 0, 0, 2),
(17, 1, 'Дээл', 'Размер', NULL, 2, 0, 0, 2),
(18, 1, 'Костюм, зангиа', 'Размер', NULL, 2, 0, 0, 2),
(19, 1, 'Өмд', 'Размер', NULL, 2, 0, 0, 2),
(20, 1, 'Спорт өмсгөл', 'Размер', NULL, 2, 0, 0, 2),
(21, 1, 'Цамц', 'Размер', NULL, 2, 0, 0, 2),
(22, 1, 'Футболк', 'Размер', NULL, 2, 0, 0, 2),
(23, 1, 'Орон сууц зарна', 'Талбай,Барилгын явц,Лизингээр авах боломж', NULL, 8, 0, 0, 2),
(24, 1, 'Хашаа байшин, гэр зарна', 'Талбай,Барилгын явц,Лизингээр авах боломж', NULL, 8, 0, 0, 2),
(25, 1, 'Газар зарна', 'Талбай,Барилгын явц,Лизингээр авах боломж', NULL, 8, 0, 0, 2),
(26, 1, 'Оффис зарна', 'Талбай,Барилгын явц,Лизингээр авах боломж', NULL, 8, 0, 0, 2),
(27, 1, 'Гараж, контейнер, зөөврийн сууц зарна', 'Талбай,Төрөл,Барилгын явц,Лизингээр авах боломж', NULL, 8, 0, 0, 2),
(28, 1, 'АОС, хаус, зуслан зарна', 'Талбай,Барилгын явц,Лизингээр авах боломж', NULL, 8, 0, 0, 2),
(29, 1, 'Худалдаа, үйлчилгээний талбай зарна', 'Талбай,Барилгын явц,Лизингээр авах боломж', NULL, 8, 0, 0, 2),
(30, 1, 'Үйлдвэр, агуулах, oбьект зарна', 'Талбай,Барилгын явц,Лизингээр авах боломж', NULL, 8, 0, 0, 2),
(31, 1, '00 өрөө, В1, подвал зарна', 'Талбай,Барилгын явц,Лизингээр авах боломж', NULL, 8, 0, 0, 2),
(32, 1, 'Нийтийн байр зарна', 'Талбай,Барилгын явц,Лизингээр авах боломж', NULL, 8, 0, 0, 2),
(33, 1, 'Бусад зарна', 'Талбай,Барилгын явц,Лизингээр авах боломж', NULL, 8, 0, 0, 2),
(34, 1, 'Орон сууц түрээслүүлнэ', 'Талбай,Шал,Тагт,Ашиглалтанд орсон он,Гараж,Цонх,Хаалга,Хэдэн давхарт,Цонхны тоо,Төрөл', NULL, 9, 0, 0, 2),
(35, 1, 'Хашаа байшин, гэр түрээслүүлнэ', '', NULL, 9, 0, 0, 2),
(36, 1, 'Оффис түрээслүүлнэ', 'Талбай', NULL, 9, 0, 0, 2),
(37, 1, 'Худалдаа, үйлчилгээний талбай түрээслүүлнэ', 'Төрөл', NULL, 9, 0, 0, 2),
(38, 1, 'Үйлдвэр, агуулах, oбьект түрээслүүлнэ', '', NULL, 9, 0, 0, 2),
(39, 1, 'Нийтийн байр түрээслүүлнэ', '', NULL, 9, 0, 0, 2),
(40, 1, 'Гараж, контейнер, зөөврийн сууц түрээслүүлнэ', 'Төрөл', NULL, 9, 0, 0, 2),
(41, 1, 'АОС, хаус, зуслан түрээслүүлнэ', '', NULL, 9, 0, 0, 2),
(42, 1, '00 өрөө, В1, подвал түрээслүүлнэ', '', NULL, 9, 0, 0, 2),
(43, 1, 'Хурлын өрөө, заал түрээслүүлнэ', '', NULL, 9, 0, 0, 2),
(44, 1, 'Газар түрээслүүлнэ', '', NULL, 9, 0, 0, 2),
(45, 1, 'Хоногоор байр, байшин түрээслүүлнэ', 'Талбай,Гараж,Барилгын давхар,Хэдэн давхарт', NULL, 9, 0, 0, 2),
(46, 1, 'Acura', 'Мотор багтаамж,Хурдны хайрцаг,Хүрд,Төрөл,Өнгө,Үйлдвэрлэсэн он,Орж ирсэн он,Хөдөлгүүр,Дотор өнгө,Лизинг,Хөтлөгч,Явсан,Нөхцөл,Хаалга', NULL, 10, 0, 0, 2),
(47, 1, 'Audi', 'Мотор багтаамж,Хурдны хайрцаг,Хүрд,Төрөл,Өнгө,Үйлдвэрлэсэн он,Орж ирсэн он,Хөдөлгүүр,Дотор өнгө,Лизинг,Хөтлөгч,Явсан,Нөхцөл,Хаалга', NULL, 10, 0, 0, 2),
(48, 1, 'Baic', 'Мотор багтаамж,Хурдны хайрцаг,Хүрд,Төрөл,Өнгө,Үйлдвэрлэсэн он,Орж ирсэн он,Хөдөлгүүр,Дотор өнгө,Лизинг,Хөтлөгч,Явсан,Нөхцөл,Хаалга', NULL, 10, 0, 0, 2),
(49, 1, 'BMW', 'Мотор багтаамж,Хурдны хайрцаг,Хүрд,Төрөл,Өнгө,Үйлдвэрлэсэн он,Орж ирсэн он,Хөдөлгүүр,Дотор өнгө,Лизинг,Хөтлөгч,Явсан,Нөхцөл,Хаалга', NULL, 10, 0, 0, 2),
(50, 1, 'Cadillac', 'Мотор багтаамж,Хурдны хайрцаг,Хүрд,Төрөл,Өнгө,Үйлдвэрлэсэн он,Орж ирсэн он,Хөдөлгүүр,Дотор өнгө,Лизинг,Хөтлөгч,Явсан,Нөхцөл,Хаалга', NULL, 10, 0, 0, 2),
(51, 1, 'Chery', 'Мотор багтаамж,Хурдны хайрцаг,Хүрд,Төрөл,Өнгө,Үйлдвэрлэсэн он,Орж ирсэн он,Хөдөлгүүр,Дотор өнгө,Лизинг,Хөтлөгч,Явсан,Нөхцөл,Хаалга', NULL, 10, 0, 0, 2),
(52, 1, 'Chevrolet', 'Мотор багтаамж,Хурдны хайрцаг,Хүрд,Төрөл,Өнгө,Үйлдвэрлэсэн он,Орж ирсэн он,Хөдөлгүүр,Дотор өнгө,Лизинг,Хөтлөгч,Явсан,Нөхцөл,Хаалга', NULL, 10, 0, 0, 2),
(53, 1, 'Chrysler', 'Мотор багтаамж,Хурдны хайрцаг,Хүрд,Төрөл,Өнгө,Үйлдвэрлэсэн он,Орж ирсэн он,Хөдөлгүүр,Дотор өнгө,Лизинг,Хөтлөгч,Явсан,Нөхцөл,Хаалга', NULL, 10, 0, 0, 2),
(54, 1, 'Citroёn', 'Мотор багтаамж,Хурдны хайрцаг,Хүрд,Төрөл,Өнгө,Үйлдвэрлэсэн он,Орж ирсэн он,Хөдөлгүүр,Дотор өнгө,Лизинг,Хөтлөгч,Явсан,Нөхцөл,Хаалга', NULL, 10, 0, 0, 2),
(55, 1, 'Daewoo', 'Мотор багтаамж,Хурдны хайрцаг,Хүрд,Төрөл,Өнгө,Үйлдвэрлэсэн он,Орж ирсэн он,Хөдөлгүүр,Дотор өнгө,Лизинг,Хөтлөгч,Явсан,Нөхцөл,Хаалга', NULL, 10, 0, 0, 2),
(56, 1, 'Daihatsu', 'Мотор багтаамж,Хурдны хайрцаг,Хүрд,Төрөл,Өнгө,Үйлдвэрлэсэн он,Орж ирсэн он,Хөдөлгүүр,Дотор өнгө,Лизинг,Хөтлөгч,Явсан,Нөхцөл,Хаалга', NULL, 10, 0, 0, 2),
(57, 1, 'Dodge', 'Мотор багтаамж,Хурдны хайрцаг,Хүрд,Төрөл,Өнгө,Үйлдвэрлэсэн он,Орж ирсэн он,Хөдөлгүүр,Дотор өнгө,Лизинг,Хөтлөгч,Явсан,Нөхцөл,Хаалга', NULL, 10, 0, 0, 2),
(58, 1, 'Fiat', 'Мотор багтаамж,Хурдны хайрцаг,Хүрд,Төрөл,Өнгө,Үйлдвэрлэсэн он,Орж ирсэн он,Хөдөлгүүр,Дотор өнгө,Лизинг,Хөтлөгч,Явсан,Нөхцөл,Хаалга', NULL, 10, 0, 0, 2),
(59, 1, 'Ford', 'Мотор багтаамж,Хурдны хайрцаг,Хүрд,Төрөл,Өнгө,Үйлдвэрлэсэн он,Орж ирсэн он,Хөдөлгүүр,Дотор өнгө,Лизинг,Хөтлөгч,Явсан,Нөхцөл,Хаалга', NULL, 10, 0, 0, 2),
(60, 1, 'Geely', 'Мотор багтаамж,Хурдны хайрцаг,Хүрд,Төрөл,Өнгө,Үйлдвэрлэсэн он,Орж ирсэн он,Хөдөлгүүр,Дотор өнгө,Лизинг,Хөтлөгч,Явсан,Нөхцөл,Хаалга', NULL, 10, 0, 0, 2),
(61, 1, 'GMC', 'Мотор багтаамж,Хурдны хайрцаг,Хүрд,Төрөл,Өнгө,Үйлдвэрлэсэн он,Орж ирсэн он,Хөдөлгүүр,Дотор өнгө,Лизинг,Хөтлөгч,Явсан,Нөхцөл,Хаалга', NULL, 10, 0, 0, 2),
(62, 1, 'Honda', 'Мотор багтаамж,Хурдны хайрцаг,Хүрд,Төрөл,Өнгө,Үйлдвэрлэсэн он,Орж ирсэн он,Хөдөлгүүр,Дотор өнгө,Лизинг,Хөтлөгч,Явсан,Нөхцөл,Хаалга', NULL, 10, 0, 0, 2),
(63, 1, 'Hummer', 'Мотор багтаамж,Хурдны хайрцаг,Хүрд,Төрөл,Өнгө,Үйлдвэрлэсэн он,Орж ирсэн он,Хөдөлгүүр,Дотор өнгө,Лизинг,Хөтлөгч,Явсан,Нөхцөл,Хаалга', NULL, 10, 0, 0, 2),
(64, 1, 'Hyundai', 'Мотор багтаамж,Хурдны хайрцаг,Хүрд,Төрөл,Өнгө,Үйлдвэрлэсэн он,Орж ирсэн он,Хөдөлгүүр,Дотор өнгө,Лизинг,Хөтлөгч,Явсан,Нөхцөл,Хаалга', NULL, 10, 0, 0, 2),
(65, 1, 'Infiniti', 'Мотор багтаамж,Хурдны хайрцаг,Хүрд,Төрөл,Өнгө,Үйлдвэрлэсэн он,Орж ирсэн он,Хөдөлгүүр,Дотор өнгө,Лизинг,Хөтлөгч,Явсан,Нөхцөл,Хаалга', NULL, 10, 0, 0, 2),
(66, 1, 'Isuzu', 'Мотор багтаамж,Хурдны хайрцаг,Хүрд,Төрөл,Өнгө,Үйлдвэрлэсэн он,Орж ирсэн он,Хөдөлгүүр,Дотор өнгө,Лизинг,Хөтлөгч,Явсан,Нөхцөл,Хаалга', NULL, 10, 0, 0, 2),
(67, 1, 'Jaguar', 'Мотор багтаамж,Хурдны хайрцаг,Хүрд,Төрөл,Өнгө,Үйлдвэрлэсэн он,Орж ирсэн он,Хөдөлгүүр,Дотор өнгө,Лизинг,Хөтлөгч,Явсан,Нөхцөл,Хаалга', NULL, 10, 0, 0, 2),
(68, 1, 'Jeep', 'Мотор багтаамж,Хурдны хайрцаг,Хүрд,Төрөл,Өнгө,Үйлдвэрлэсэн он,Орж ирсэн он,Хөдөлгүүр,Дотор өнгө,Лизинг,Хөтлөгч,Явсан,Нөхцөл,Хаалга', NULL, 10, 0, 0, 2),
(69, 1, 'Kia', 'Мотор багтаамж,Хурдны хайрцаг,Хүрд,Төрөл,Өнгө,Үйлдвэрлэсэн он,Орж ирсэн он,Хөдөлгүүр,Дотор өнгө,Лизинг,Хөтлөгч,Явсан,Нөхцөл,Хаалга', NULL, 10, 0, 0, 2),
(70, 1, 'Land Rover', 'Мотор багтаамж,Хурдны хайрцаг,Хүрд,Төрөл,Өнгө,Үйлдвэрлэсэн он,Орж ирсэн он,Хөдөлгүүр,Дотор өнгө,Лизинг,Хөтлөгч,Явсан,Нөхцөл,Хаалга', NULL, 10, 0, 0, 2),
(71, 1, 'Lexus', 'Мотор багтаамж,Хурдны хайрцаг,Хүрд,Төрөл,Өнгө,Үйлдвэрлэсэн он,Орж ирсэн он,Хөдөлгүүр,Дотор өнгө,Лизинг,Хөтлөгч,Явсан,Нөхцөл,Хаалга', NULL, 10, 0, 0, 2),
(72, 1, 'Mazda', 'Мотор багтаамж,Хурдны хайрцаг,Хүрд,Төрөл,Өнгө,Үйлдвэрлэсэн он,Орж ирсэн он,Хөдөлгүүр,Дотор өнгө,Лизинг,Хөтлөгч,Явсан,Нөхцөл,Хаалга', NULL, 10, 0, 0, 2),
(73, 1, 'Mercedes-Benz', 'Мотор багтаамж,Хурдны хайрцаг,Хүрд,Төрөл,Өнгө,Үйлдвэрлэсэн он,Орж ирсэн он,Хөдөлгүүр,Дотор өнгө,Лизинг,Хөтлөгч,Явсан,Нөхцөл,Хаалга', NULL, 10, 0, 0, 2),
(74, 1, 'MG', 'Мотор багтаамж,Хурдны хайрцаг,Хүрд,Төрөл,Өнгө,Үйлдвэрлэсэн он,Орж ирсэн он,Хөдөлгүүр,Дотор өнгө,Лизинг,Хөтлөгч,Явсан,Нөхцөл,Хаалга', NULL, 10, 0, 0, 2),
(75, 1, 'MINI', 'Мотор багтаамж,Хурдны хайрцаг,Хүрд,Төрөл,Өнгө,Үйлдвэрлэсэн он,Орж ирсэн он,Хөдөлгүүр,Дотор өнгө,Лизинг,Хөтлөгч,Явсан,Нөхцөл,Хаалга', NULL, 10, 0, 0, 2),
(76, 1, 'Mitsubishi', 'Мотор багтаамж,Хурдны хайрцаг,Хүрд,Төрөл,Өнгө,Үйлдвэрлэсэн он,Орж ирсэн он,Хөдөлгүүр,Дотор өнгө,Лизинг,Хөтлөгч,Явсан,Нөхцөл,Хаалга', NULL, 10, 0, 0, 2),
(77, 1, 'Nissan', 'Мотор багтаамж,Хурдны хайрцаг,Хүрд,Төрөл,Өнгө,Үйлдвэрлэсэн он,Орж ирсэн он,Хөдөлгүүр,Дотор өнгө,Лизинг,Хөтлөгч,Явсан,Нөхцөл,Хаалга', NULL, 10, 0, 0, 2),
(78, 1, 'Opel', 'Мотор багтаамж,Хурдны хайрцаг,Хүрд,Төрөл,Өнгө,Үйлдвэрлэсэн он,Орж ирсэн он,Хөдөлгүүр,Дотор өнгө,Лизинг,Хөтлөгч,Явсан,Нөхцөл,Хаалга', NULL, 10, 0, 0, 2),
(79, 1, 'Орос', 'Мотор багтаамж,Хурдны хайрцаг,Хүрд,Төрөл,Өнгө,Үйлдвэрлэсэн он,Орж ирсэн он,Хөдөлгүүр,Дотор өнгө,Лизинг,Хөтлөгч,Явсан,Нөхцөл,Хаалга', NULL, 10, 0, 0, 2),
(80, 1, 'Peugeot', 'Мотор багтаамж,Хурдны хайрцаг,Хүрд,Төрөл,Өнгө,Үйлдвэрлэсэн он,Орж ирсэн он,Хөдөлгүүр,Дотор өнгө,Лизинг,Хөтлөгч,Явсан,Нөхцөл,Хаалга', NULL, 10, 0, 0, 2),
(81, 1, 'Porsche', 'Мотор багтаамж,Хурдны хайрцаг,Хүрд,Төрөл,Өнгө,Үйлдвэрлэсэн он,Орж ирсэн он,Хөдөлгүүр,Дотор өнгө,Лизинг,Хөтлөгч,Явсан,Нөхцөл,Хаалга', NULL, 10, 0, 0, 2),
(82, 1, 'Renault', 'Мотор багтаамж,Хурдны хайрцаг,Хүрд,Төрөл,Өнгө,Үйлдвэрлэсэн он,Орж ирсэн он,Хөдөлгүүр,Дотор өнгө,Лизинг,Хөтлөгч,Явсан,Нөхцөл,Хаалга', NULL, 10, 0, 0, 2),
(83, 1, 'Samsung', 'Мотор багтаамж,Хурдны хайрцаг,Хүрд,Төрөл,Өнгө,Үйлдвэрлэсэн он,Орж ирсэн он,Хөдөлгүүр,Дотор өнгө,Лизинг,Хөтлөгч,Явсан,Нөхцөл,Хаалга', NULL, 10, 0, 0, 2),
(84, 1, 'SsangYong', 'Мотор багтаамж,Хурдны хайрцаг,Хүрд,Төрөл,Өнгө,Үйлдвэрлэсэн он,Орж ирсэн он,Хөдөлгүүр,Дотор өнгө,Лизинг,Хөтлөгч,Явсан,Нөхцөл,Хаалга', NULL, 10, 0, 0, 2),
(85, 1, 'Škoda', 'Мотор багтаамж,Хурдны хайрцаг,Хүрд,Төрөл,Өнгө,Үйлдвэрлэсэн он,Орж ирсэн он,Хөдөлгүүр,Дотор өнгө,Лизинг,Хөтлөгч,Явсан,Нөхцөл,Хаалга', NULL, 10, 0, 0, 2),
(86, 1, 'Subaru', 'Мотор багтаамж,Хурдны хайрцаг,Хүрд,Төрөл,Өнгө,Үйлдвэрлэсэн он,Орж ирсэн он,Хөдөлгүүр,Дотор өнгө,Лизинг,Хөтлөгч,Явсан,Нөхцөл,Хаалга', NULL, 10, 0, 0, 2),
(87, 1, 'Suzuki', 'Мотор багтаамж,Хурдны хайрцаг,Хүрд,Төрөл,Өнгө,Үйлдвэрлэсэн он,Орж ирсэн он,Хөдөлгүүр,Дотор өнгө,Лизинг,Хөтлөгч,Явсан,Нөхцөл,Хаалга', NULL, 10, 0, 0, 2),
(88, 1, 'Toyota', 'Мотор багтаамж,Хурдны хайрцаг,Хүрд,Төрөл,Өнгө,Үйлдвэрлэсэн он,Орж ирсэн он,Хөдөлгүүр,Дотор өнгө,Лизинг,Хөтлөгч,Явсан,Нөхцөл,Хаалга', NULL, 10, 0, 0, 2),
(89, 1, 'Volkswagen', 'Мотор багтаамж,Хурдны хайрцаг,Хүрд,Төрөл,Өнгө,Үйлдвэрлэсэн он,Орж ирсэн он,Хөдөлгүүр,Дотор өнгө,Лизинг,Хөтлөгч,Явсан,Нөхцөл,Хаалга', NULL, 10, 0, 0, 2),
(90, 1, 'Volvo', 'Мотор багтаамж,Хурдны хайрцаг,Хүрд,Төрөл,Өнгө,Үйлдвэрлэсэн он,Орж ирсэн он,Хөдөлгүүр,Дотор өнгө,Лизинг,Хөтлөгч,Явсан,Нөхцөл,Хаалга', NULL, 10, 0, 0, 2),
(91, 1, 'Бусад', 'Мотор багтаамж,Хурдны хайрцаг,Хүрд,Төрөл,Өнгө,Үйлдвэрлэсэн он,Орж ирсэн он,Хөдөлгүүр,Дотор өнгө,Лизинг,Хөтлөгч,Явсан,Нөхцөл,Хаалга', NULL, 10, 0, 0, 2),
(92, 1, 'Авто сэлбэг', '', NULL, 11, 0, 0, 2),
(94, 1, 'Дагалдах хэрэгсэл', '', NULL, 11, 0, 0, 2),
(97, 1, 'Мотоцикл сэлбэг, хэрэгсэл', '', NULL, 11, 0, 0, 2),
(96, 1, 'Ачаа, порхов, чиргүүл', '', NULL, 11, 0, 0, 2),
(98, 1, 'Эвдрэлтэй машин, задаргаа', '', NULL, 11, 0, 0, 2),
(99, 1, 'Автобус', '', NULL, 12, 0, 0, 2),
(100, 1, 'Ачааны машин', '', NULL, 12, 0, 0, 2),
(101, 1, 'Хүнд механизм', '', NULL, 12, 0, 0, 2),
(102, 1, 'Дугуй', 'Радиус,Улирал,Дугуйн өндөр,Дугуйн өргөн', NULL, 13, 0, 0, 2),
(103, 1, 'Обуд', 'Радиус', NULL, 13, 0, 0, 2),
(104, 1, 'Даацын дугуй', '', NULL, 13, 0, 0, 2),
(106, 1, 'Авто засвар', 'Ажлын цаг,Зарлагч,Туршлага,Мэргэжлийн түвшин', NULL, 16, 0, 0, 2),
(107, 1, 'ЗБ, менежер', 'Ажлын цаг,Зарлагч,Туршлага,Мэргэжлийн түвшин', NULL, 16, 0, 0, 2),
(108, 1, 'Бусад', 'Ажлын цаг,Зарлагч,Туршлага,Мэргэжлийн түвшин', NULL, 16, 0, 0, 2),
(109, 1, 'Авто үйлчилгээ', 'Ажлын цаг,Зарлагч,Туршлага,Мэргэжлийн түвшин', NULL, 16, 0, 0, 2),
(110, 1, 'Автын цахилгаан', 'Ажлын цаг,Зарлагч,Туршлага,Мэргэжлийн түвшин', NULL, 16, 0, 0, 2),
(111, 1, 'Сэлбэгийн худалдаа', 'Ажлын цаг,Зарлагч,Туршлага,Мэргэжлийн түвшин', NULL, 16, 0, 0, 2),
(112, 1, 'Үйлчлэгч', 'Ажлын цаг,Зарлагч,Туршлага,Мэргэжлийн түвшин', NULL, 17, 0, 0, 2),
(113, 1, 'Ресепшин', 'Ажлын цаг,Зарлагч,Туршлага,Мэргэжлийн түвшин', NULL, 17, 0, 0, 2),
(114, 1, 'Туслах ажилтан', 'Ажлын цаг,Зарлагч,Туршлага,Мэргэжлийн түвшин', NULL, 17, 0, 0, 2),
(115, 1, 'ЗБ, менежмент', 'Ажлын цаг,Зарлагч,Туршлага,Мэргэжлийн түвшин', NULL, 17, 0, 0, 2),
(116, 1, 'Орчуулагч, хөтөч', 'Ажлын цаг,Зарлагч,Туршлага,Мэргэжлийн түвшин', NULL, 17, 0, 0, 2),
(117, 1, 'Хаалгач', 'Ажлын цаг,Зарлагч,Туршлага,Мэргэжлийн түвшин', NULL, 17, 0, 0, 2),
(118, 1, 'Цагаан хэрэглэлийн угаалга', 'Ажлын цаг,Зарлагч,Туршлага,Мэргэжлийн түвшин', NULL, 17, 0, 0, 2),
(119, 1, 'Бусад', 'Ажлын цаг,Зарлагч,Туршлага,Мэргэжлийн түвшин', NULL, 17, 0, 0, 2),
(120, 1, 'Нягтлан бодогч', 'Ажлын цаг,Зарлагч,Туршлага,Мэргэжлийн түвшин', NULL, 18, 0, 0, 2),
(121, 1, 'Аудит, хяналт шалгалт', 'Ажлын цаг,Зарлагч,Туршлага,Мэргэжлийн түвшин', NULL, 18, 0, 0, 2),
(122, 1, 'Санхүү, эдийн засагч', 'Ажлын цаг,Зарлагч,Туршлага,Мэргэжлийн түвшин', NULL, 18, 0, 0, 2),
(123, 1, 'Бусад', 'Ажлын цаг,Зарлагч,Туршлага,Мэргэжлийн түвшин', NULL, 18, 0, 0, 2),
(124, 1, 'Харилцагчийн үйлчилгээ', 'Ажлын цаг,Зарлагч,Туршлага,Мэргэжлийн түвшин', NULL, 18, 0, 0, 2),
(125, 1, 'Хадгаламж, зээл', 'Ажлын цаг,Зарлагч,Туршлага,Мэргэжлийн түвшин', NULL, 18, 0, 0, 2),
(126, 1, 'Нярав', 'Ажлын цаг,Зарлагч,Туршлага,Мэргэжлийн түвшин', NULL, 18, 0, 0, 2),
(127, 1, 'Арматур', 'Ажлын цаг,Зарлагч,Туршлага,Мэргэжлийн түвшин', NULL, 19, 0, 0, 2),
(128, 1, 'Барилгын инженер', 'Ажлын цаг,Зарлагч,Туршлага,Мэргэжлийн түвшин', NULL, 19, 0, 0, 2),
(129, 1, 'Зам гүүр', 'Ажлын цаг,Зарлагч,Туршлага,Мэргэжлийн түвшин', NULL, 19, 0, 0, 2),
(130, 1, 'Барилгын материалын инженер', 'Ажлын цаг,Зарлагч,Туршлага,Мэргэжлийн түвшин', NULL, 19, 0, 0, 2),
(131, 1, 'Архитектор', 'Ажлын цаг,Зарлагч,Туршлага,Мэргэжлийн түвшин', NULL, 19, 0, 0, 2),
(132, 1, 'Гагнуурчин', 'Ажлын цаг,Зарлагч,Туршлага,Мэргэжлийн түвшин', NULL, 19, 0, 0, 2),
(133, 1, 'Гадна засал, дээвэр', 'Ажлын цаг,Зарлагч,Туршлага,Мэргэжлийн түвшин', NULL, 19, 0, 0, 2),
(134, 1, 'Дотор засал', 'Ажлын цаг,Зарлагч,Туршлага,Мэргэжлийн түвшин', NULL, 19, 0, 0, 2),
(135, 1, 'Зураг, төсөв', 'Ажлын цаг,Зарлагч,Туршлага,Мэргэжлийн түвшин', NULL, 19, 0, 0, 2),
(136, 1, 'Мужаан', 'Ажлын цаг,Зарлагч,Туршлага,Мэргэжлийн түвшин', NULL, 19, 0, 0, 2),
(137, 1, 'Өрлөг, шавар', 'Ажлын цаг,Зарлагч,Туршлага,Мэргэжлийн түвшин', NULL, 19, 0, 0, 2),
(138, 1, 'СӨХ, контор', 'Ажлын цаг,Зарлагч,Туршлага,Мэргэжлийн түвшин', NULL, 19, 0, 0, 2),
(139, 1, 'Кранист, дохиочин, оосорлогч', 'Ажлын цаг,Зарлагч,Туршлага,Мэргэжлийн түвшин', NULL, 19, 0, 0, 2),
(140, 1, 'ХАБЭА', 'Ажлын цаг,Зарлагч,Туршлага,Мэргэжлийн түвшин', NULL, 19, 0, 0, 2),
(141, 1, 'Халаалт, агаар сэлгэлт', 'Ажлын цаг,Зарлагч,Туршлага,Мэргэжлийн түвшин', NULL, 19, 0, 0, 2),
(142, 1, 'Сантехник, Дулаан хангамж', 'Ажлын цаг,Зарлагч,Туршлага,Мэргэжлийн түвшин', NULL, 19, 0, 0, 2),
(143, 1, 'Цахилгаан, Эрчим хүч', 'Ажлын цаг,Зарлагч,Туршлага,Мэргэжлийн түвшин', NULL, 19, 0, 0, 2),
(144, 1, 'Бусад ажил', 'Ажлын цаг,Зарлагч,Туршлага,Мэргэжлийн түвшин', NULL, 19, 0, 0, 2),
(145, 1, 'Талбай, ландшафт', 'Ажлын цаг,Зарлагч,Туршлага,Мэргэжлийн түвшин', NULL, 19, 0, 0, 2),
(146, 1, 'Барилгын туслах', 'Ажлын цаг,Зарлагч,Туршлага,Мэргэжлийн түвшин', NULL, 19, 0, 0, 2),
(147, 1, 'Нийгмийн ажилтан', 'Ажлын цаг,Зарлагч,Туршлага,Мэргэжлийн түвшин', NULL, 20, 0, 0, 2),
(148, 1, 'Судалгаа, эрдэм шинжилгээ', 'Ажлын цаг,Зарлагч,Туршлага,Мэргэжлийн түвшин', NULL, 20, 0, 0, 2),
(149, 1, 'Сэтгэл судлал', 'Ажлын цаг,Зарлагч,Туршлага,Мэргэжлийн түвшин', NULL, 20, 0, 0, 2),
(150, 1, 'Бусад', 'Ажлын цаг,Зарлагч,Туршлага,Мэргэжлийн түвшин', NULL, 20, 0, 0, 2),
(151, 1, 'Сургалтын менежер', 'Ажлын цаг,Зарлагч,Туршлага,Мэргэжлийн түвшин', NULL, 20, 0, 0, 2),
(152, 1, 'Багш (Цэцэрлэг, ясли)', 'Ажлын цаг,Зарлагч,Туршлага,Мэргэжлийн түвшин', NULL, 20, 0, 0, 2),
(153, 1, 'Багш (Бусад)', 'Ажлын цаг,Зарлагч,Туршлага,Мэргэжлийн түвшин', NULL, 20, 0, 0, 2),
(154, 1, 'Багш (гадаад хэл)', 'Ажлын цаг,Зарлагч,Туршлага,Мэргэжлийн түвшин', NULL, 20, 0, 0, 2),
(155, 1, 'Багш (ЕБС)', 'Ажлын цаг,Зарлагч,Туршлага,Мэргэжлийн түвшин', NULL, 20, 0, 0, 2),
(156, 1, 'Багш (Их, дээд сургууль)', 'Ажлын цаг,Зарлагч,Туршлага,Мэргэжлийн түвшин', NULL, 20, 0, 0, 2),
(157, 1, 'Жолооч, түгээлт, хүргэлт', 'Ажлын цаг,Зарлагч,Туршлага,Мэргэжлийн түвшин', NULL, 21, 0, 0, 2),
(158, 1, 'Борлуулалт', 'Ажлын цаг,Зарлагч,Туршлага,Мэргэжлийн түвшин', NULL, 21, 0, 0, 2),
(159, 1, 'Бараа өрөлт', 'Ажлын цаг,Зарлагч,Туршлага,Мэргэжлийн түвшин', NULL, 21, 0, 0, 2),
(160, 1, 'Кассын ажилтан', 'Ажлын цаг,Зарлагч,Туршлага,Мэргэжлийн түвшин', NULL, 21, 0, 0, 2),
(161, 1, 'Гадаад худалдааны менежер', 'Ажлын цаг,Зарлагч,Туршлага,Мэргэжлийн түвшин', NULL, 21, 0, 0, 2),
(162, 1, 'Үл хөдлөх хөрөнгө зууч', 'Ажлын цаг,Зарлагч,Туршлага,Мэргэжлийн түвшин', NULL, 21, 0, 0, 2),
(163, 1, 'Ханган нийлүүлэлт', 'Ажлын цаг,Зарлагч,Туршлага,Мэргэжлийн түвшин', NULL, 21, 0, 0, 2),
(164, 1, 'Харилцагчийн үйлчилгээ', 'Ажлын цаг,Зарлагч,Туршлага,Мэргэжлийн түвшин', NULL, 21, 0, 0, 2),
(165, 1, 'Бусад', 'Ажлын цаг,Зарлагч,Туршлага,Мэргэжлийн түвшин', NULL, 21, 0, 0, 2),
(166, 1, 'Худалдагч', 'Ажлын цаг,Зарлагч,Туршлага,Мэргэжлийн түвшин', NULL, 21, 0, 0, 2),
(167, 1, 'ЗБ, менежер', 'Ажлын цаг,Зарлагч,Туршлага,Мэргэжлийн түвшин', NULL, 21, 0, 0, 2),
(168, 1, 'Худалдааны зөвлөх', 'Ажлын цаг,Зарлагч,Туршлага,Мэргэжлийн түвшин', NULL, 21, 0, 0, 2),
(169, 1, 'Үсчин', 'Ажлын цаг,Зарлагч,Туршлага,Мэргэжлийн түвшин', NULL, 22, 0, 0, 2),
(170, 1, 'Гоо сайхны бариа', 'Ажлын цаг,Зарлагч,Туршлага,Мэргэжлийн түвшин', NULL, 22, 0, 0, 2),
(171, 1, 'Гоо сайханч', 'Ажлын цаг,Зарлагч,Туршлага,Мэргэжлийн түвшин', NULL, 22, 0, 0, 2),
(172, 1, 'Бусад', 'Ажлын цаг,Зарлагч,Туршлага,Мэргэжлийн түвшин', NULL, 22, 0, 0, 2),
(173, 1, 'Хумс засал', 'Ажлын цаг,Зарлагч,Туршлага,Мэргэжлийн түвшин', NULL, 22, 0, 0, 2),
(174, 1, 'ЗБ, менежер', 'Ажлын цаг,Зарлагч,Туршлага,Мэргэжлийн түвшин', NULL, 22, 0, 0, 2),
(175, 1, 'Make up, сормуус артист', 'Ажлын цаг,Зарлагч,Туршлага,Мэргэжлийн түвшин', NULL, 22, 0, 0, 2),
(176, 1, 'Багш дасгалжуу', 'Ажлын цаг,Зарлагч,Туршлага,Мэргэжлийн түвшин', NULL, 22, 0, 0, 2),
(177, 1, 'Хувцас дизайнер', 'Ажлын цаг,Зарлагч,Туршлага,Мэргэжлийн түвшин', NULL, 24, 0, 0, 2),
(178, 1, 'График дизайн', 'Ажлын цаг,Зарлагч,Туршлага,Мэргэжлийн түвшин', NULL, 24, 0, 0, 2),
(179, 1, 'Тавилгын дизайнер', 'Ажлын цаг,Зарлагч,Туршлага,Мэргэжлийн түвшин', NULL, 24, 0, 0, 2),
(180, 1, 'Зурагчин, зураглаач', 'Ажлын цаг,Зарлагч,Туршлага,Мэргэжлийн түвшин', NULL, 24, 0, 0, 2),
(181, 1, 'Интерьер дизайнер', 'Ажлын цаг,Зарлагч,Туршлага,Мэргэжлийн түвшин', NULL, 24, 0, 0, 2),
(182, 1, 'Бусад', 'Ажлын цаг,Зарлагч,Туршлага,Мэргэжлийн түвшин', NULL, 24, 0, 0, 2),
(183, 1, 'Жүжигчин, бүжигчин', 'Ажлын цаг,Зарлагч,Туршлага,Мэргэжлийн түвшин', NULL, 24, 0, 0, 2),
(184, 1, 'ХАБЭА', 'Ажлын цаг,Зарлагч,Туршлага,Мэргэжлийн түвшин', NULL, 25, 0, 0, 2),
(185, 1, 'Ресепшин', 'Ажлын цаг,Зарлагч,Туршлага,Мэргэжлийн түвшин', NULL, 25, 0, 0, 2),
(186, 1, 'Нарийн бичиг, оффис менежер', 'Ажлын цаг,Зарлагч,Туршлага,Мэргэжлийн түвшин', NULL, 25, 0, 0, 2),
(187, 1, 'Хүний нөөцийн менежмент', 'Ажлын цаг,Зарлагч,Туршлага,Мэргэжлийн түвшин', NULL, 25, 0, 0, 2),
(188, 1, 'Бусад', 'Ажлын цаг,Зарлагч,Туршлага,Мэргэжлийн түвшин', NULL, 25, 0, 0, 2),
(189, 1, 'Архив, бичиг хэргийн ажилтан', 'Ажлын цаг,Зарлагч,Туршлага,Мэргэжлийн түвшин', NULL, 25, 0, 0, 2),
(190, 1, 'Орчуулагч', 'Ажлын цаг,Зарлагч,Туршлага,Мэргэжлийн түвшин', NULL, 25, 0, 0, 2),
(191, 1, 'Маркетинг менежмент', 'Ажлын цаг,Зарлагч,Туршлага,Мэргэжлийн түвшин', NULL, 26, 0, 0, 2),
(192, 1, 'PR олон нийтийн харилцаа', 'Ажлын цаг,Зарлагч,Туршлага,Мэргэжлийн түвшин', NULL, 26, 0, 0, 2),
(193, 1, 'Бусад', 'Ажлын цаг,Зарлагч,Туршлага,Мэргэжлийн түвшин', NULL, 26, 0, 0, 2),
(194, 1, 'Сошиал, дижитал маркетинг', 'Ажлын цаг,Зарлагч,Туршлага,Мэргэжлийн түвшин', NULL, 26, 0, 0, 2),
(195, 1, 'Автоматик, электроник', 'Ажлын цаг,Зарлагч,Туршлага,Мэргэжлийн түвшин', NULL, 27, 0, 0, 2),
(196, 1, 'Апп хөгжүүлэгч', 'Ажлын цаг,Зарлагч,Туршлага,Мэргэжлийн түвшин', NULL, 27, 0, 0, 2),
(197, 1, 'Шуудан', 'Ажлын цаг,Зарлагч,Туршлага,Мэргэжлийн түвшин', NULL, 27, 0, 0, 2),
(198, 1, 'Мэдээлэл технологи', 'Ажлын цаг,Зарлагч,Туршлага,Мэргэжлийн түвшин', NULL, 27, 0, 0, 2),
(199, 1, 'Бусад', 'Ажлын цаг,Зарлагч,Туршлага,Мэргэжлийн түвшин', NULL, 27, 0, 0, 2),
(200, 1, 'Програм хангамж', 'Ажлын цаг,Зарлагч,Туршлага,Мэргэжлийн түвшин', NULL, 27, 0, 0, 2),
(201, 1, 'Сүлжээ, техник хангамж', 'Ажлын цаг,Зарлагч,Туршлага,Мэргэжлийн түвшин', NULL, 27, 0, 0, 2),
(202, 1, 'Утасны оператор', 'Ажлын цаг,Зарлагч,Туршлага,Мэргэжлийн түвшин', NULL, 27, 0, 0, 2),
(203, 1, 'Харилцаа холбоо', 'Ажлын цаг,Зарлагч,Туршлага,Мэргэжлийн түвшин', NULL, 27, 0, 0, 2),
(204, 1, 'Бармен', 'Ажлын цаг,Зарлагч,Туршлага,Мэргэжлийн түвшин', NULL, 29, 0, 0, 2),
(205, 1, 'Зөөгч', 'Ажлын цаг,Зарлагч,Туршлага,Мэргэжлийн түвшин', NULL, 29, 0, 0, 2),
(206, 1, 'Бариста', 'Ажлын цаг,Зарлагч,Туршлага,Мэргэжлийн түвшин', NULL, 29, 0, 0, 2),
(207, 1, 'Гал тогооны ажилтан', 'Ажлын цаг,Зарлагч,Туршлага,Мэргэжлийн түвшин', NULL, 29, 0, 0, 2),
(208, 1, 'Тогооч', 'Ажлын цаг,Зарлагч,Туршлага,Мэргэжлийн түвшин', NULL, 29, 0, 0, 2),
(209, 1, 'Рестораны касс', 'Ажлын цаг,Зарлагч,Туршлага,Мэргэжлийн түвшин', NULL, 29, 0, 0, 2),
(210, 1, 'Рестораны үйлчлэгч', 'Ажлын цаг,Зарлагч,Туршлага,Мэргэжлийн түвшин', NULL, 29, 0, 0, 2),
(211, 1, 'Угаагч', 'Ажлын цаг,Зарлагч,Туршлага,Мэргэжлийн түвшин', NULL, 29, 0, 0, 2),
(212, 1, 'Нарийн боовны тогооч', 'Ажлын цаг,Зарлагч,Туршлага,Мэргэжлийн түвшин', NULL, 29, 0, 0, 2),
(213, 1, 'Угтагч, ресепшин', 'Ажлын цаг,Зарлагч,Туршлага,Мэргэжлийн түвшин', NULL, 29, 0, 0, 2),
(214, 1, 'ЗБ, менежер', 'Ажлын цаг,Зарлагч,Туршлага,Мэргэжлийн түвшин', NULL, 29, 0, 0, 2),
(215, 1, 'Хүнсний эрүүл ахуйч', 'Ажлын цаг,Зарлагч,Туршлага,Мэргэжлийн түвшин', NULL, 29, 0, 0, 2),
(216, 1, 'Бусад', 'Ажлын цаг,Зарлагч,Туршлага,Мэргэжлийн түвшин', NULL, 29, 0, 0, 2),
(217, 1, 'Жолооч', 'Ажлын цаг,Зарлагч,Туршлага,Мэргэжлийн түвшин', NULL, 31, 0, 0, 2),
(218, 1, 'Хүнд ММ оператор', 'Ажлын цаг,Зарлагч,Туршлага,Мэргэжлийн түвшин', NULL, 31, 0, 0, 2),
(219, 1, 'Агуулахын ажилтан', 'Ажлын цаг,Зарлагч,Туршлага,Мэргэжлийн түвшин', NULL, 31, 0, 0, 2),
(220, 1, 'Нийтийн тээвэр', 'Ажлын цаг,Зарлагч,Туршлага,Мэргэжлийн түвшин', NULL, 31, 0, 0, 2),
(221, 1, 'Ложистик', 'Ажлын цаг,Зарлагч,Туршлага,Мэргэжлийн түвшин', NULL, 31, 0, 0, 2),
(222, 1, 'Агаарын тээвэр', 'Ажлын цаг,Зарлагч,Туршлага,Мэргэжлийн түвшин', NULL, 31, 0, 0, 2),
(223, 1, 'Бусад', 'Ажлын цаг,Зарлагч,Туршлага,Мэргэжлийн түвшин', NULL, 31, 0, 0, 2),
(224, 1, 'Диспетчер', 'Ажлын цаг,Зарлагч,Туршлага,Мэргэжлийн түвшин', NULL, 31, 0, 0, 2),
(225, 1, 'Нүүлгэгч, ачигч', 'Ажлын цаг,Зарлагч,Туршлага,Мэргэжлийн түвшин', NULL, 32, 0, 0, 2),
(226, 1, 'Дэлгүүрийн туслах', 'Ажлын цаг,Зарлагч,Туршлага,Мэргэжлийн түвшин', NULL, 32, 0, 0, 2),
(227, 1, 'Хаяг рекламны туслах', 'Ажлын цаг,Зарлагч,Туршлага,Мэргэжлийн түвшин', NULL, 32, 0, 0, 2),
(228, 1, 'Бусад', 'Ажлын цаг,Зарлагч,Туршлага,Мэргэжлийн түвшин', NULL, 32, 0, 0, 2),
(229, 1, 'Ариутгалын ажилтан', 'Ажлын цаг,Зарлагч,Туршлага,Мэргэжлийн түвшин', NULL, 32, 0, 0, 2),
(230, 1, 'Админ, тоглоомын төвийн', 'Ажлын цаг,Зарлагч,Туршлага,Мэргэжлийн түвшин', NULL, 32, 0, 0, 2),
(231, 1, 'ШТС', 'Ажлын цаг,Зарлагч,Туршлага,Мэргэжлийн түвшин', NULL, 32, 0, 0, 2),
(232, 1, 'Ашиглалтын инженер', 'Ажлын цаг,Зарлагч,Туршлага,Мэргэжлийн түвшин', NULL, 33, 0, 0, 2),
(233, 1, 'Геотехник, геодези', 'Ажлын цаг,Зарлагч,Туршлага,Мэргэжлийн түвшин', NULL, 33, 0, 0, 2),
(234, 1, 'Механик инженер', 'Ажлын цаг,Зарлагч,Туршлага,Мэргэжлийн түвшин', NULL, 33, 0, 0, 2),
(235, 1, 'Өрөмдлөг, тэсэлгээ', 'Ажлын цаг,Зарлагч,Туршлага,Мэргэжлийн түвшин', NULL, 33, 0, 0, 2),
(236, 1, 'ХАБЭА', 'Ажлын цаг,Зарлагч,Туршлага,Мэргэжлийн түвшин', NULL, 33, 0, 0, 2),
(237, 1, 'ХММ, Тоног төхөөрөмжийн оператор', 'Ажлын цаг,Зарлагч,Туршлага,Мэргэжлийн түвшин', NULL, 33, 0, 0, 2),
(238, 1, 'Эрдэс судлаач', 'Ажлын цаг,Зарлагч,Туршлага,Мэргэжлийн түвшин', NULL, 33, 0, 0, 2),
(239, 1, 'Геологи, гидрогеологи', 'Ажлын цаг,Зарлагч,Туршлага,Мэргэжлийн түвшин', NULL, 33, 0, 0, 2),
(240, 1, 'Уул уурхайн туслах', 'Ажлын цаг,Зарлагч,Туршлага,Мэргэжлийн түвшин', NULL, 33, 0, 0, 2),
(241, 1, 'Бусад', 'Ажлын цаг,Зарлагч,Туршлага,Мэргэжлийн түвшин', NULL, 33, 0, 0, 2),
(242, 1, 'Диспетчер', 'Ажлын цаг,Зарлагч,Туршлага,Мэргэжлийн түвшин', NULL, 33, 0, 0, 2),
(243, 1, 'Кемп менежмент', 'Ажлын цаг,Зарлагч,Туршлага,Мэргэжлийн түвшин', NULL, 33, 0, 0, 2),
(244, 1, 'Маркшейдер', 'Ажлын цаг,Зарлагч,Туршлага,Мэргэжлийн түвшин', NULL, 33, 0, 0, 2),
(245, 1, 'Хамгаалагч', 'Ажлын цаг,Зарлагч,Туршлага,Мэргэжлийн түвшин', NULL, 34, 0, 0, 2),
(246, 1, 'Харуул', 'Ажлын цаг,Зарлагч,Туршлага,Мэргэжлийн түвшин', NULL, 34, 0, 0, 2),
(247, 1, 'Зогсоолын ажилтан, манаач', 'Ажлын цаг,Зарлагч,Туршлага,Мэргэжлийн түвшин', NULL, 34, 0, 0, 2),
(248, 1, 'Хяналтын ажилтан', 'Ажлын цаг,Зарлагч,Туршлага,Мэргэжлийн түвшин', NULL, 34, 0, 0, 2),
(249, 1, 'Эмч', 'Ажлын цаг,Зарлагч,Туршлага,Мэргэжлийн түвшин', NULL, 37, 0, 0, 2),
(250, 1, 'Эм зүйч', 'Ажлын цаг,Зарлагч,Туршлага,Мэргэжлийн түвшин', NULL, 37, 0, 0, 2),
(251, 1, 'Эмнэлгийн ажилтан', 'Ажлын цаг,Зарлагч,Туршлага,Мэргэжлийн түвшин', NULL, 37, 0, 0, 2),
(252, 1, 'Эмчилгээний бариа засал', 'Ажлын цаг,Зарлагч,Туршлага,Мэргэжлийн түвшин', NULL, 37, 0, 0, 2),
(253, 1, 'Сувилагч', 'Ажлын цаг,Зарлагч,Туршлага,Мэргэжлийн түвшин', NULL, 37, 0, 0, 2),
(254, 1, 'ЗБ, менежер', 'Ажлын цаг,Зарлагч,Туршлага,Мэргэжлийн түвшин', NULL, 37, 0, 0, 2),
(255, 1, 'Малын эмч, мал зүйч', 'Ажлын цаг,Зарлагч,Туршлага,Мэргэжлийн түвшин', NULL, 37, 0, 0, 2),
(256, 1, 'Лаборант', 'Ажлын цаг,Зарлагч,Туршлага,Мэргэжлийн түвшин', NULL, 37, 0, 0, 2),
(257, 1, 'ЗБ, менежер', 'Ажлын цаг,Зарлагч,Туршлага,Мэргэжлийн түвшин', NULL, 38, 0, 0, 2),
(258, 1, 'Барилгын материал үйлдвэрлэл', 'Ажлын цаг,Зарлагч,Туршлага,Мэргэжлийн түвшин', NULL, 38, 0, 0, 2),
(259, 1, 'Гоо сайхны бүтээгдэхүүн үйлдвэрлэл', 'Ажлын цаг,Зарлагч,Туршлага,Мэргэжлийн түвшин', NULL, 38, 0, 0, 2),
(260, 1, 'Тавилга, модон эдлэл үйлдвэрлэл', 'Ажлын цаг,Зарлагч,Туршлага,Мэргэжлийн түвшин', NULL, 38, 0, 0, 2),
(261, 1, 'Тоног төхөөрөмжийн засвар', 'Ажлын цаг,Зарлагч,Туршлага,Мэргэжлийн түвшин', NULL, 38, 0, 0, 2),
(262, 1, 'Төмөрлөгийн үйлдвэрлэл', 'Ажлын цаг,Зарлагч,Туршлага,Мэргэжлийн түвшин', NULL, 38, 0, 0, 2),
(263, 1, 'ХАБЭА', 'Ажлын цаг,Зарлагч,Туршлага,Мэргэжлийн түвшин', NULL, 38, 0, 0, 2),
(264, 1, 'Хэвлэл, сав баглаа', 'Ажлын цаг,Зарлагч,Туршлага,Мэргэжлийн түвшин', NULL, 38, 0, 0, 2),
(265, 1, 'Хүнсний үйлдвэрлэл', 'Ажлын цаг,Зарлагч,Туршлага,Мэргэжлийн түвшин', NULL, 38, 0, 0, 2),
(266, 1, 'Гутал, цүнхний үйлдвэр', 'Ажлын цаг,Зарлагч,Туршлага,Мэргэжлийн түвшин', NULL, 38, 0, 0, 2),
(267, 1, 'Бусад', 'Ажлын цаг,Зарлагч,Туршлага,Мэргэжлийн түвшин', NULL, 38, 0, 0, 2),
(268, 1, 'Оёдол, ноос ноолуур үйлдвэрлэл', 'Ажлын цаг,Зарлагч,Туршлага,Мэргэжлийн түвшин', NULL, 38, 0, 0, 2),
(269, 1, 'Ус, ундаа архи пиво үйлдвэрлэл', 'Ажлын цаг,Зарлагч,Туршлага,Мэргэжлийн түвшин', NULL, 38, 0, 0, 2),
(270, 1, 'Асрагч', 'Ажлын цаг,Зарлагч,Туршлага,Мэргэжлийн түвшин', NULL, 39, 0, 0, 2),
(271, 1, 'Галч, жижүүр', 'Ажлын цаг,Зарлагч,Туршлага,Мэргэжлийн түвшин', NULL, 39, 0, 0, 2),
(272, 1, 'Гар утас, компьютер засварчин', 'Ажлын цаг,Зарлагч,Туршлага,Мэргэжлийн түвшин', NULL, 39, 0, 0, 2),
(273, 1, 'Байгууллагын үйлчлэгч', 'Ажлын цаг,Зарлагч,Туршлага,Мэргэжлийн түвшин', NULL, 39, 0, 0, 2),
(274, 1, 'Гутал засвар', 'Ажлын цаг,Зарлагч,Туршлага,Мэргэжлийн түвшин', NULL, 39, 0, 0, 2),
(275, 1, 'Гэрийн үйлчлэгч', 'Ажлын цаг,Зарлагч,Туршлага,Мэргэжлийн түвшин', NULL, 39, 0, 0, 2),
(276, 1, 'Дархан', 'Ажлын цаг,Зарлагч,Туршлага,Мэргэжлийн түвшин', NULL, 39, 0, 0, 2),
(277, 1, 'Аж ахуйн ажилтан', 'Ажлын цаг,Зарлагч,Туршлага,Мэргэжлийн түвшин', NULL, 39, 0, 0, 2),
(278, 1, 'Хими цэвэрлэгээ', 'Ажлын цаг,Зарлагч,Туршлага,Мэргэжлийн түвшин', NULL, 39, 0, 0, 2),
(279, 1, 'Бусад', 'Ажлын цаг,Зарлагч,Туршлага,Мэргэжлийн түвшин', NULL, 39, 0, 0, 2),
(280, 1, 'Цэвэрлэгээний ажилтан', 'Ажлын цаг,Зарлагч,Туршлага,Мэргэжлийн түвшин', NULL, 39, 0, 0, 2),
(281, 1, 'Цахилгаан бараа засварчин', 'Ажлын цаг,Зарлагч,Туршлага,Мэргэжлийн түвшин', NULL, 39, 0, 0, 2),
(282, 1, 'Asus', 'Дэлгэцийн хэмжээ', NULL, 52, 0, 0, 2),
(283, 1, 'Compaq', 'Дэлгэцийн хэмжээ', NULL, 52, 0, 0, 2),
(284, 1, 'Acer', 'Дэлгэцийн хэмжээ', NULL, 52, 0, 0, 2),
(285, 1, 'Dell', 'Дэлгэцийн хэмжээ', NULL, 52, 0, 0, 2),
(286, 1, 'Gateway', 'Дэлгэцийн хэмжээ', NULL, 52, 0, 0, 2),
(287, 1, 'Haier', 'Дэлгэцийн хэмжээ', NULL, 52, 0, 0, 2),
(288, 1, 'HP', 'Дэлгэцийн хэмжээ', NULL, 52, 0, 0, 2),
(289, 1, 'Lenovo', 'Дэлгэцийн хэмжээ', NULL, 52, 0, 0, 2),
(290, 1, 'LG', 'Дэлгэцийн хэмжээ', NULL, 52, 0, 0, 2),
(291, 1, 'Microsoft Surface', 'Дэлгэцийн хэмжээ', NULL, 52, 0, 0, 2),
(292, 1, 'MSI', 'Дэлгэцийн хэмжээ', NULL, 52, 0, 0, 2),
(293, 1, 'Samsung', 'Дэлгэцийн хэмжээ', NULL, 52, 0, 0, 2),
(294, 1, 'Sony', 'Дэлгэцийн хэмжээ', NULL, 52, 0, 0, 2),
(295, 1, 'Toshiba', 'Дэлгэцийн хэмжээ', NULL, 52, 0, 0, 2),
(296, 1, 'Apple', 'Дэлгэцийн хэмжээ', NULL, 52, 0, 0, 2),
(297, 1, 'Бусад', 'Дэлгэцийн хэмжээ', NULL, 52, 0, 0, 2),
(298, 1, 'Evoo', 'Дэлгэцийн хэмжээ', NULL, 52, 0, 0, 2),
(299, 1, 'Иж бүрэн компьютер', '', NULL, 53, 0, 0, 2),
(300, 1, 'Процессор, сервер', '', NULL, 53, 0, 0, 2),
(301, 1, 'Дэлгэц', 'Хэмжээ', NULL, 53, 0, 0, 2),
(302, 1, 'Зөөврийн хард, флаш', '', NULL, 55, 0, 0, 2),
(303, 1, 'Модем', '', NULL, 55, 0, 0, 2),
(304, 1, 'Программ, тоглоом', '', NULL, 55, 0, 0, 2),
(305, 1, 'Тог баригч', '', NULL, 55, 0, 0, 2),
(306, 1, 'Audio Video', '', NULL, 55, 0, 0, 2),
(307, 1, 'Keyboard, mouse', '', NULL, 55, 0, 0, 2),
(308, 1, 'Свич', '', NULL, 55, 0, 0, 2),
(309, 1, 'Notebook цүнх', '', NULL, 55, 0, 0, 2),
(310, 1, 'Проектор', '', NULL, 55, 0, 0, 2),
(311, 1, 'Бусад', '', NULL, 55, 0, 0, 2),
(312, 1, 'Nintendo, тоглоомууд', '', NULL, 57, 0, 0, 2),
(313, 1, 'Playstation', '', NULL, 57, 0, 0, 2),
(314, 1, 'Бусад', '', NULL, 57, 0, 0, 2),
(315, 1, 'Xbox', '', NULL, 57, 0, 0, 2),
(316, 1, 'Playstation-ны тоглоомууд', '', NULL, 57, 0, 0, 2),
(317, 1, 'Unitel', '', NULL, 60, 0, 0, 2),
(318, 1, 'Skytel', '', NULL, 60, 0, 0, 2),
(319, 1, 'Ondo', '', NULL, 60, 0, 0, 2),
(320, 1, 'Мобиком', '', NULL, 60, 0, 0, 2),
(321, 1, 'Мон Цах Холбоо', '', NULL, 60, 0, 0, 2),
(322, 1, 'Gmobile', '', NULL, 60, 0, 0, 2),
(323, 1, 'Blackberry', 'Багтаамж', NULL, 61, 0, 0, 2),
(324, 1, 'Huawei', 'Багтаамж', NULL, 61, 0, 0, 2),
(325, 1, 'iPhone', '', NULL, 61, 0, 0, 2),
(326, 1, 'LG', 'Багтаамж', NULL, 61, 0, 0, 2),
(327, 1, 'Nokia', '', NULL, 61, 0, 0, 2),
(328, 1, 'Oppo', 'Багтаамж', NULL, 61, 0, 0, 2),
(329, 1, 'Realme', 'Багтаамж', NULL, 61, 0, 0, 2),
(330, 1, 'Redmi', 'Багтаамж,Product name,IMEI,Mi activation lock,Үйлдвэрлэсэн огноо', NULL, 61, 0, 0, 2),
(331, 1, 'Samsung', '', NULL, 61, 0, 0, 2),
(332, 1, 'Sky', '', NULL, 61, 0, 0, 2),
(333, 1, 'Sony', 'Багтаамж', NULL, 61, 0, 0, 2),
(334, 1, 'Бусад смарт утас', 'Багтаамж', NULL, 61, 0, 0, 2),
(335, 1, 'Энгийн гар утас', '', NULL, 61, 0, 0, 2),
(336, 1, 'Суурин утас +факс', '', NULL, 61, 0, 0, 2),
(337, 1, 'Гар, controller', '', NULL, 62, 0, 0, 2),
(338, 1, 'Утасны гэр', '', NULL, 62, 0, 0, 2),
(339, 1, 'Мемори кард', '', NULL, 62, 0, 0, 2),
(340, 1, 'Бусад', '', NULL, 62, 0, 0, 2),
(341, 1, 'Дүрс тогтворжуулагч', '', NULL, 62, 0, 0, 2),
(342, 1, 'Цэнэглэгч', '', NULL, 62, 0, 0, 2),
(343, 1, 'VR', '', NULL, 62, 0, 0, 2),
(344, 1, 'Дуран', '', NULL, 65, 0, 0, 2),
(345, 1, 'Дижитал аппарат', '', NULL, 65, 0, 0, 2),
(346, 1, 'Дагалдах хэрэгсэл', '', NULL, 65, 0, 0, 2),
(347, 1, 'Фото гэрэлтүүлэг', '', NULL, 65, 0, 0, 2),
(348, 1, 'Хальсан зургийн аппарат', '', NULL, 65, 0, 0, 2),
(349, 1, 'Видео камер', '', NULL, 65, 0, 0, 2),
(350, 1, 'Дрон, дроны хэрэгсэл', '', NULL, 65, 0, 0, 2),
(351, 1, 'Tелевизор', '', NULL, 66, 0, 0, 2),
(352, 1, 'ТВ дагалдах хэрэгсэл', '', NULL, 66, 0, 0, 2),
(353, 1, 'iPod, mp3, халаасны хөгжим', '', NULL, 66, 0, 0, 2),
(354, 1, 'Хөгжим, home theater, караоке', '', NULL, 66, 0, 0, 2),
(355, 1, 'DVD, CD, Blu Ray player', '', NULL, 66, 0, 0, 2),
(356, 1, 'Аудио төхөөрөмж, Өсгөгч', '', NULL, 66, 0, 0, 2),
(357, 1, 'Пянз, кассет тоглуулагч', '', NULL, 66, 0, 0, 2),
(358, 1, 'Чихэвч, 3D шил', '', NULL, 66, 0, 0, 2),
(359, 1, 'Хуучны телевизор', '', NULL, 66, 0, 0, 2),
(360, 1, 'Аяга таваг угаагч машин', '', NULL, 67, 0, 0, 2),
(361, 1, 'Хөргөгч, хөлдөөгч', '', NULL, 67, 0, 0, 2),
(362, 1, 'Будаа агшаагч, талх баригч', '', NULL, 67, 0, 0, 2),
(363, 1, 'Махны машин', '', NULL, 67, 0, 0, 2),
(364, 1, 'Кофе чанагч', '', NULL, 67, 0, 0, 2),
(365, 1, 'Ус буцалгагч, ус цэвэршүүлэгч', '', NULL, 67, 0, 0, 2),
(366, 1, 'Бусад', '', NULL, 67, 0, 0, 2),
(367, 1, 'Миксер, шүүс шахагч', '', NULL, 67, 0, 0, 2),
(368, 1, 'Шарагч', '', NULL, 67, 0, 0, 2),
(369, 1, 'Плитка, micro печь, хиншүү сорогч', '', NULL, 67, 0, 0, 2),
(370, 1, 'Үүдний өрөөний', '', NULL, 80, 0, 0, 2),
(371, 1, 'Гал тогооны', '', NULL, 80, 0, 0, 2),
(372, 1, 'Буйдан, кресло', '', NULL, 80, 0, 0, 2),
(373, 1, 'Ор, матрас', '', NULL, 80, 0, 0, 2),
(374, 1, 'Шкаф, комод, авдар', '', NULL, 80, 0, 0, 2),
(375, 1, 'Унтлагын өрөөний', '', NULL, 80, 0, 0, 2),
(376, 1, 'Зочны өрөөний', '', NULL, 80, 0, 0, 2),
(377, 1, 'Ширээ, сандал', '', NULL, 80, 0, 0, 2),
(378, 1, 'Тавиур, полк', '', NULL, 80, 0, 0, 2),
(379, 1, 'Сейф', '', NULL, 80, 0, 0, 2),
(380, 1, 'Толь', '', NULL, 80, 0, 0, 2),
(381, 1, 'Оффисын тавилга', '', NULL, 80, 0, 0, 2),
(382, 1, 'Бусад', '', NULL, 80, 0, 0, 2),
(383, 1, 'Авто засвар, авто угаалгын тоног төхөөрөмж', '', NULL, 84, 0, 0, 2),
(384, 1, 'Аж үйлдвэрийн тоног төхөөрөмж', '', NULL, 84, 0, 0, 2),
(385, 1, 'Барилгын багаж, тоног төхөөрөмж', '', NULL, 84, 0, 0, 2),
(386, 1, 'Бочки / Цистерн / Ёмкость', '', NULL, 84, 0, 0, 2),
(387, 1, 'Гоо сайхны тоног төхөөрөмж', '', NULL, 84, 0, 0, 2),
(388, 1, 'Касс, терминал, цаас', '', NULL, 84, 0, 0, 2),
(389, 1, 'Кафе, ресторан, хоолны газарт', '', NULL, 84, 0, 0, 2),
(390, 1, 'Дэлгүүр, лангууд зориулсан', '', NULL, 84, 0, 0, 2),
(391, 1, 'Хөдөө аж ахуйн тоног төхөөрөмж', '', NULL, 84, 0, 0, 2),
(392, 1, 'Хүнсний тоног төхөөрөмж', '', NULL, 84, 0, 0, 2),
(393, 1, 'Хяналтын камер, цаг бүртгэл', '', NULL, 84, 0, 0, 2),
(394, 1, 'Цахилгаан тоног төхөөрөмж', '', NULL, 84, 0, 0, 2),
(395, 1, 'Эрүүл мэндийн тоног төхөөрөмж', '', NULL, 84, 0, 0, 2),
(396, 1, 'Хэвлэх тоног төхөөрөмж', '', NULL, 84, 0, 0, 2),
(397, 1, 'Бусад тоног төхөөрөмж', '', NULL, 84, 0, 0, 2),
(398, 1, 'Уул уурхайн, өрөмдлөгийн тоног төхөөрөмж', '', NULL, 84, 0, 0, 2),
(399, 1, 'Агааржуулалт', '', NULL, 85, 0, 0, 2),
(400, 1, 'Арматур, металл хийц, хэв хашмал', '', NULL, 85, 0, 0, 2),
(401, 1, 'Сантехник', '', NULL, 85, 0, 0, 2),
(402, 1, 'Тоосго, бетон, блок', '', NULL, 85, 0, 0, 2),
(403, 1, 'Фасадны материал', '', NULL, 85, 0, 0, 2),
(404, 1, 'Хаалга, цонх, шил, толь', '', NULL, 85, 0, 0, 2),
(405, 1, 'Халаалт', '', NULL, 85, 0, 0, 2),
(406, 1, 'Модон материал', '', NULL, 85, 0, 0, 2),
(407, 1, 'Хашаа', '', NULL, 85, 0, 0, 2),
(408, 1, 'Зам, талбайн тохижуулалт', '', NULL, 85, 0, 0, 2),
(409, 1, 'Цахилгаан, холбоо', '', NULL, 85, 0, 0, 2),
(410, 1, 'Бусад', '', NULL, 85, 0, 0, 2),
(411, 1, 'Элс, хайрга, цемент', '', NULL, 85, 0, 0, 2),
(412, 1, 'Засал чимэглэлийн материал', '', NULL, 85, 0, 0, 2),
(413, 1, 'Дулаалга, тусгаарлах материал', '', NULL, 85, 0, 0, 2),
(414, 1, 'Майхан, сүүдрэвч', '', NULL, 87, 0, 0, 2),
(415, 1, 'Аяны ширээ сандал', '', NULL, 87, 0, 0, 2),
(416, 1, 'Аяны цүнх, чемодан', '', NULL, 87, 0, 0, 2),
(417, 1, 'Аяны ор гудас', '', NULL, 87, 0, 0, 2),
(418, 1, 'Аяны хоолны хэрэгсэл', '', NULL, 87, 0, 0, 2),
(419, 1, 'Бусад', '', NULL, 87, 0, 0, 2),
(420, 1, 'Нүдний дуран, телескоп', '', NULL, 87, 0, 0, 2),
(421, 1, 'Уран зохиол', '', NULL, 89, 0, 0, 2),
(422, 1, 'Сурах бичиг', '', NULL, 89, 0, 0, 2),
(423, 1, 'Гадаад хэлний сурах', '', NULL, 89, 0, 0, 2),
(424, 1, 'Нийгэм улс төрийн ном', '', NULL, 89, 0, 0, 2),
(425, 1, 'Гадаад хэл дээрх ном', '', NULL, 89, 0, 0, 2),
(426, 1, 'Сонин, сэтгүүл', '', NULL, 89, 0, 0, 2),
(427, 1, 'Бичиг хэрэгсэл', '', NULL, 89, 0, 0, 2),
(428, 1, 'ШУ, танин мэдэхүйн ном', '', NULL, 89, 0, 0, 2),
(429, 1, 'Түүх, ёс заншил', '', NULL, 89, 0, 0, 2),
(430, 1, 'Бусад', '', NULL, 89, 0, 0, 2),
(431, 1, 'Гольф', '', NULL, 91, 0, 0, 2),
(432, 1, 'Тулааны урлаг, бокс', '', NULL, 91, 0, 0, 2),
(433, 1, 'Роллик, скэйт, скүүтэр', '', NULL, 91, 0, 0, 2),
(434, 1, 'Усан спорт', '', NULL, 91, 0, 0, 2),
(435, 1, 'Хөл бөмбөг, сагсан', '', NULL, 91, 0, 0, 2),
(436, 1, 'Цана, snowboard, тэшүүр', '', NULL, 91, 0, 0, 2),
(437, 1, 'Шатар, ширээний тоглоом', '', NULL, 91, 0, 0, 2),
(438, 1, 'Бусад', '', NULL, 91, 0, 0, 2),
(439, 1, 'Фитнесс, дасгал', '', NULL, 91, 0, 0, 2),
(440, 1, 'Үндэсний спорт', '', NULL, 91, 0, 0, 2),
(441, 1, 'Дагалдах хэрэгсэл, cэлбэг', '', NULL, 92, 0, 0, 2),
(442, 1, 'Даралтат хөгжим, piano', '', NULL, 92, 0, 0, 2),
(443, 1, 'Үндэсний хөгжим', '', NULL, 92, 0, 0, 2),
(444, 1, 'Гитар', '', NULL, 92, 0, 0, 2),
(445, 1, 'Бусад', '', NULL, 92, 0, 0, 2),
(446, 1, 'Үлээвэр хөгжим', '', NULL, 92, 0, 0, 2),
(447, 1, 'Хийл', '', NULL, 92, 0, 0, 2),
(448, 1, 'Уран зураг, хатгамал, сийлбэр, хайчилбар', '', NULL, 93, 0, 0, 2),
(449, 1, 'Эртний эдлэл', '', NULL, 93, 0, 0, 2),
(450, 1, 'Хөөрөг, хөөрөгний чулуу', '', NULL, 93, 0, 0, 2),
(451, 1, 'Мөнгөн аяга', '', NULL, 93, 0, 0, 2),
(452, 1, 'Зоос, мөнгөн дэвсгэрт', '', NULL, 93, 0, 0, 2),
(453, 1, 'Эмээл, хазаар, ташуур', '', NULL, 93, 0, 0, 2),
(454, 1, 'Гаанс, асаагуур', '', NULL, 93, 0, 0, 2),
(455, 1, 'Унадаг дугуй', '', NULL, 95, 0, 0, 2),
(456, 1, 'Сэлбэг', '', NULL, 95, 0, 0, 2),
(457, 1, 'Дагалдах хэрэгсэл', '', NULL, 95, 0, 0, 2),
(458, 1, 'Арьс арчилгааны', '', NULL, 99, 0, 0, 2),
(459, 1, 'Үс арчилгааны', '', NULL, 99, 0, 0, 2),
(460, 1, 'Үнэртэй ус', '', NULL, 99, 0, 0, 2),
(461, 1, 'Косметик', '', NULL, 99, 0, 0, 2),
(462, 1, 'Архи, тамхинаас гаргах', '', NULL, 100, 0, 0, 2),
(463, 1, 'Нүдний арчилгаа', '', NULL, 100, 0, 0, 2),
(464, 1, 'Биеийн жин', '', NULL, 100, 0, 0, 2),
(465, 1, 'Тураах хэрэгсэл', '', NULL, 100, 0, 0, 2),
(466, 1, 'Харшлын эсрэг', '', NULL, 100, 0, 0, 2),
(467, 1, 'Хавдрын эсрэг', '', NULL, 100, 0, 0, 2),
(468, 1, 'Хамар , чих, хоолой арчилгаа', '', NULL, 100, 0, 0, 2),
(469, 1, 'Халуун хэмжигч', '', NULL, 100, 0, 0, 2),
(470, 1, 'Хөгжлийн бэрхшээлтэй иргэдийн бараа', '', NULL, 100, 0, 0, 2),
(471, 1, 'Хүч тамирын', '', NULL, 100, 0, 0, 2),
(472, 1, 'Шүд, ам арчилгаа', '', NULL, 100, 0, 0, 2),
(473, 1, 'Эмэгтэйчүүдийн', '', NULL, 100, 0, 0, 2),
(474, 1, 'Эрэгтэйчүүдийн', '', NULL, 100, 0, 0, 2),
(475, 1, 'Яс, үе мөчний эрүүлжүүлэх', '', NULL, 100, 0, 0, 2),
(476, 1, 'Бусад', '', NULL, 100, 0, 0, 2),
(477, 1, 'Толгой, ядаргааны', '', NULL, 100, 0, 0, 2),
(478, 1, 'Сүү, цагаан идээ', '', NULL, 101, 0, 0, 2),
(479, 1, 'Чихэр, шоколад, самар', '', NULL, 101, 0, 0, 2),
(480, 1, 'Мах махан бүтээгдэхүүн', '', NULL, 101, 0, 0, 2),
(481, 1, 'Хүнсний ногоо, жимс', '', NULL, 101, 0, 0, 2),
(482, 1, 'Загас, тахиа, өндөг', '', NULL, 101, 0, 0, 2),
(483, 1, 'Цай, кофе', '', NULL, 101, 0, 0, 2),
(484, 1, 'Гурил, будаа, элсэн чихэр', '', NULL, 101, 0, 0, 2),
(485, 1, 'Талх, нарийн боов, печенье', '', NULL, 101, 0, 0, 2),
(486, 1, 'Бусад', '', NULL, 101, 0, 0, 2),
(487, 1, 'Тэжээвэр амьтад', '', NULL, 102, 0, 0, 2),
(488, 1, 'Таван хошуу мал', '', NULL, 102, 0, 0, 2),
(489, 1, 'Амьтны бараа', '', NULL, 102, 0, 0, 2),
(490, 1, 'Мал амьтны хоол тэжээл', '', NULL, 102, 0, 0, 2),
(491, 1, 'ХАА-н бусад амьтан', '', NULL, 102, 0, 0, 2),
(492, 1, 'Олсон гээсэн амьтад', '', NULL, 102, 0, 0, 2),
(493, 1, 'Байшин, хаус барина', '', NULL, 111, 0, 0, 2),
(494, 1, 'Зам, талбайн ажил', '', NULL, 111, 0, 0, 2),
(495, 1, 'Бетон зуурмаг', '', NULL, 111, 0, 0, 2),
(496, 1, 'Барилгын зураг төсөл', '', NULL, 111, 0, 0, 2),
(497, 1, 'Засал, чимэглэл', '', NULL, 111, 0, 0, 2),
(498, 1, 'Зөөврийн сууц барина', '', NULL, 111, 0, 0, 2),
(499, 1, 'Сантехник', '', NULL, 111, 0, 0, 2),
(500, 1, 'Дээвэр, фасад', '', NULL, 111, 0, 0, 2),
(501, 1, 'Металл хийц, гагнуур', '', NULL, 111, 0, 0, 2),
(502, 1, 'Газар шорооны ажил', '', NULL, 111, 0, 0, 2),
(503, 1, 'Өрлөг, шавар', '', NULL, 111, 0, 0, 2),
(504, 1, 'Хана тааз нураах, өрөмдөх', '', NULL, 111, 0, 0, 2),
(505, 1, 'Цамхагт кран', '', NULL, 111, 0, 0, 2),
(506, 1, 'Цахилгаан, холбоо, дохиолол', '', NULL, 111, 0, 0, 2),
(507, 1, 'Хаалга, цонх', '', NULL, 111, 0, 0, 2),
(508, 1, 'Халаалт, хөргөлт, агаар сэлгэлт', '', NULL, 111, 0, 0, 2),
(509, 1, 'Бусад', '', NULL, 111, 0, 0, 2),
(510, 1, 'Вебсайт, апп хийнэ', '', NULL, 117, 0, 0, 2),
(511, 1, 'Принтер засвар, үйлчилгээ', '', NULL, 117, 0, 0, 2),
(512, 1, 'Программ суулгана', '', NULL, 117, 0, 0, 2),
(513, 1, 'Компьютер засвар, үйлчилгээ', '', NULL, 117, 0, 0, 2),
(514, 1, 'Сүлжээ тавина, засвар', '', NULL, 117, 0, 0, 2),
(515, 1, 'Бусад', '', NULL, 117, 0, 0, 2),
(516, 1, 'Авто засвар', '', NULL, 139, 0, 0, 2),
(517, 1, 'Гадаад хэл', '', NULL, 139, 0, 0, 2),
(518, 1, 'Гар утас, электроник засвар', '', NULL, 139, 0, 0, 2),
(519, 1, 'Зөөгч, бармен', '', NULL, 139, 0, 0, 2),
(520, 1, 'Компьютер ба интернэт', '', NULL, 139, 0, 0, 2),
(521, 1, 'Мужаан, гагнуурчин', '', NULL, 139, 0, 0, 2),
(522, 1, 'Бүжиг, загвар өмсөх', '', NULL, 139, 0, 0, 2),
(523, 1, 'Барилга, засал чимэглэл', '', NULL, 139, 0, 0, 2),
(524, 1, 'Жолоо', '', NULL, 139, 0, 0, 2),
(525, 1, 'Нягтлан бодох', '', NULL, 139, 0, 0, 2),
(526, 1, 'Оффисын ажилчдын сургалт', '', NULL, 139, 0, 0, 2),
(527, 1, 'Сантехник, цахилгаанчин', '', NULL, 139, 0, 0, 2),
(528, 1, 'Оёдол', '', NULL, 139, 0, 0, 2),
(529, 1, 'Тогооч', '', NULL, 139, 0, 0, 2),
(530, 1, 'Тоо, ерөнхий боловсрол', '', NULL, 139, 0, 0, 2),
(531, 1, 'Спорт', '', NULL, 139, 0, 0, 2),
(532, 1, 'Үсчин, гоо сайхан', '', NULL, 139, 0, 0, 2),
(533, 1, 'ХАБЭА', '', NULL, 139, 0, 0, 2),
(534, 1, 'Хөгжмийн зэмсэг', '', NULL, 139, 0, 0, 2),
(535, 1, 'Хүнд машин механзм', '', NULL, 139, 0, 0, 2),
(536, 1, 'Худалдагч, касс, нярав', '', NULL, 139, 0, 0, 2),
(537, 1, 'Бусад', '', NULL, 139, 0, 0, 2),
(538, 1, 'Оёдлын машин', '', NULL, 134, 0, 0, 2),
(539, 1, 'Нийтийн хоолны т/т', '', NULL, 134, 0, 0, 2),
(540, 1, 'Зурагт', '', NULL, 134, 0, 0, 2),
(541, 1, 'Угаалгын машин', '', NULL, 134, 0, 0, 2),
(542, 1, 'Гар утас, дагалдах хэрэгсэл', '', NULL, 134, 0, 0, 2),
(543, 1, 'Печь', '', NULL, 134, 0, 0, 2),
(544, 1, 'Тоос сорогч', '', NULL, 134, 0, 0, 2),
(545, 1, 'Бусад', '', NULL, 134, 0, 0, 2),
(546, 1, 'Хөргөгч хөлдөөгч', '', NULL, 134, 0, 0, 2),
(547, 1, 'Плитка', '', NULL, 134, 0, 0, 2),
(548, 1, 'Арьс харшлын эмнэлэг', '', NULL, 135, 0, 0, 2),
(549, 1, 'Гоо сайхны эмнэлэг', '', NULL, 135, 0, 0, 2),
(550, 1, 'Мэдрэлийн эмнэлэг', '', NULL, 135, 0, 0, 2),
(551, 1, 'Шүдний эмнэлэг', '', NULL, 135, 0, 0, 2),
(552, 1, 'Эмэгтэйчүүдийн эмнэлэг', '', NULL, 135, 0, 0, 2),
(553, 1, 'Бусад', '', NULL, 135, 0, 0, 2),
(554, 1, 'Уламжлалт эмнэлэг', '', NULL, 135, 0, 0, 2),
(555, 1, 'Гэмтэл согогийн эмнэлэг', '', NULL, 135, 0, 0, 2),
(556, 1, 'Үе мөчний эмнэлэг', '', NULL, 135, 0, 0, 2),
(557, 1, 'Эрэгтэйчүүдийн эмнэлэг', '', NULL, 135, 0, 0, 2),
(558, 1, 'Тесла', 'Мотор багтаамж,Хурдны хайрцаг,Хүрд,Төрөл,Өнгө,Үйлдвэрлэсэн он,Орж ирсэн он,Хөдөлгүүр,Дотор өнгө,Лизинг,Хөтлөгч,Явсан,Хаалга', NULL, 10, 0, 0, 2);

-- --------------------------------------------------------

--
-- Table structure for table `category4`
--

CREATE TABLE `category4` (
  `id` int NOT NULL,
  `userID` int NOT NULL,
  `title` varchar(128) CHARACTER SET utf8mb3 COLLATE utf8mb3_unicode_ci NOT NULL,
  `words` text CHARACTER SET utf8mb3 COLLATE utf8mb3_unicode_ci NOT NULL,
  `icon` varchar(255) CHARACTER SET utf8mb3 COLLATE utf8mb3_unicode_ci DEFAULT NULL,
  `parent` int NOT NULL,
  `status` tinyint(1) NOT NULL DEFAULT '0' COMMENT '0-public,1-private',
  `category_viewer` int NOT NULL DEFAULT '0',
  `active` tinyint NOT NULL DEFAULT '0' COMMENT '0-review, 1-dismiss, 2-active'
) ENGINE=MyISAM DEFAULT CHARSET=utf8mb3 COLLATE=utf8mb3_unicode_ci;

--
-- Dumping data for table `category4`
--

INSERT INTO `category4` (`id`, `userID`, `title`, `words`, `icon`, `parent`, `status`, `category_viewer`, `active`) VALUES
(1, 1, '2 өрөө', 'Талбай,Барилгын явц,Лизингээр авах боломж,Шал,Тагт,Ашиглалтанд орсон он,Гараж,Цонх,Барилгын давхар,Хаалга,Хэдэн давхарт,Цонхны тоо', NULL, 23, 0, 0, 2),
(2, 1, '3 өрөө', 'Талбай,Барилгын явц,Лизингээр авах боломж,Шал,Тагт,Ашиглалтанд орсон он,Гараж,Цонх,Барилгын давхар,Хаалга,Хэдэн давхарт,Цонхны тоо', NULL, 23, 0, 0, 2),
(3, 1, '4 өрөө', 'Талбай,Барилгын явц,Лизингээр авах боломж,Шал,Тагт,Ашиглалтанд орсон он,Гараж,Цонх,Барилгын давхар,Хаалга,Хэдэн давхарт,Цонхны тоо', NULL, 23, 0, 0, 2),
(4, 1, '1 өрөө', 'Талбай,Барилгын явц,Лизингээр авах боломж,Шал,Тагт,Ашиглалтанд орсон он,Гараж,Цонх,Барилгын давхар,Хаалга,Хэдэн давхарт,Цонхны тоо', NULL, 23, 0, 0, 2),
(5, 1, '5+ өрөө', 'Талбай,Барилгын явц,Лизингээр авах боломж,Шал,Тагт,Ашиглалтанд орсон он,Гараж,Цонх,Барилгын давхар,Хаалга,Хэдэн давхарт,Цонхны тоо', NULL, 23, 0, 0, 2),
(6, 1, '1 өрөө', 'Талбай,Шал,Тагт,Ашиглалтанд орсон он,Гараж,Цонх,Барилгын давхар,Хаалга,Хэдэн давхарт,Цонхны тоо', NULL, 34, 0, 0, 2),
(7, 1, '2 өрөө', 'Талбай,Шал,Тагт,Ашиглалтанд орсон он,Гараж,Цонх,Барилгын давхар,Хаалга,Хэдэн давхарт,Цонхны тоо', NULL, 34, 0, 0, 2),
(8, 1, '3 өрөө', 'Талбай,Шал,Тагт,Ашиглалтанд орсон он,Гараж,Цонх,Барилгын давхар,Хаалга,Хэдэн давхарт,Цонхны тоо', NULL, 34, 0, 0, 2),
(9, 1, '4 өрөө', 'Талбай,Шал,Тагт,Ашиглалтанд орсон он,Гараж,Цонх,Барилгын давхар,Хаалга,Хэдэн давхарт,Цонхны тоо', NULL, 34, 0, 0, 2),
(10, 1, '5+ өрөө', 'Талбай,Шал,Тагт,Ашиглалтанд орсон он,Гараж,Цонх,Барилгын давхар,Хаалга,Хэдэн давхарт,Цонхны тоо', NULL, 34, 0, 0, 2),
(11, 1, 'Хажуу өрөө түрээслүүлнэ', 'Талбай,Шал,Тагт,Ашиглалтанд орсон он,Гараж,Цонх,Барилгын давхар,Хаалга,Хэдэн давхарт,Цонхны тоо', NULL, 34, 0, 0, 2),
(12, 1, 'CL', 'Мотор багтаамж,Хурдны хайрцаг,Хүрд,Төрөл,Өнгө,Үйлдвэрлэсэн он,Орж ирсэн он,Хөдөлгүүр,Дотор өнгө,Лизинг,Хөтлөгч,Явсан,Нөхцөл,Хаалга', NULL, 46, 0, 0, 2),
(13, 1, 'Integra', 'Мотор багтаамж,Хурдны хайрцаг,Хүрд,Төрөл,Өнгө,Үйлдвэрлэсэн он,Орж ирсэн он,Хөдөлгүүр,Дотор өнгө,Лизинг,Хөтлөгч,Явсан,Нөхцөл,Хаалга', NULL, 46, 0, 0, 2),
(14, 1, 'Бусад', 'Мотор багтаамж,Хурдны хайрцаг,Хүрд,Төрөл,Өнгө,Үйлдвэрлэсэн он,Орж ирсэн он,Хөдөлгүүр,Дотор өнгө,Лизинг,Хөтлөгч,Явсан,Нөхцөл,Хаалга', NULL, 46, 0, 0, 2),
(15, 1, 'A6', 'Мотор багтаамж,Хурдны хайрцаг,Хүрд,Төрөл,Өнгө,Үйлдвэрлэсэн он,Орж ирсэн он,Хөдөлгүүр,Дотор өнгө,Лизинг,Хөтлөгч,Явсан,Нөхцөл,Хаалга', NULL, 47, 0, 0, 2),
(16, 1, 'A4', 'Мотор багтаамж,Хурдны хайрцаг,Хүрд,Төрөл,Өнгө,Үйлдвэрлэсэн он,Орж ирсэн он,Хөдөлгүүр,Дотор өнгө,Лизинг,Хөтлөгч,Явсан,Нөхцөл,Хаалга', NULL, 47, 0, 0, 2),
(17, 1, 'A3', 'Мотор багтаамж,Хурдны хайрцаг,Хүрд,Төрөл,Өнгө,Үйлдвэрлэсэн он,Орж ирсэн он,Хөдөлгүүр,Дотор өнгө,Лизинг,Хөтлөгч,Явсан,Нөхцөл,Хаалга', NULL, 47, 0, 0, 2),
(18, 1, 'A8', 'Мотор багтаамж,Хурдны хайрцаг,Хүрд,Төрөл,Өнгө,Үйлдвэрлэсэн он,Орж ирсэн он,Хөдөлгүүр,Дотор өнгө,Лизинг,Хөтлөгч,Явсан,Нөхцөл,Хаалга', NULL, 47, 0, 0, 2),
(19, 1, 'Q5', 'Мотор багтаамж,Хурдны хайрцаг,Хүрд,Төрөл,Өнгө,Үйлдвэрлэсэн он,Орж ирсэн он,Хөдөлгүүр,Дотор өнгө,Лизинг,Хөтлөгч,Явсан,Нөхцөл,Хаалга', NULL, 47, 0, 0, 2),
(20, 1, 'Q7', 'Мотор багтаамж,Хурдны хайрцаг,Хүрд,Төрөл,Өнгө,Үйлдвэрлэсэн он,Орж ирсэн он,Хөдөлгүүр,Дотор өнгө,Лизинг,Хөтлөгч,Явсан,Нөхцөл,Хаалга', NULL, 47, 0, 0, 2),
(21, 1, 'Бусад', 'Мотор багтаамж,Хурдны хайрцаг,Хүрд,Төрөл,Өнгө,Үйлдвэрлэсэн он,Орж ирсэн он,Хөдөлгүүр,Дотор өнгө,Лизинг,Хөтлөгч,Явсан,Нөхцөл,Хаалга', NULL, 47, 0, 0, 2),
(22, 1, 'X3', 'Мотор багтаамж,Хурдны хайрцаг,Хүрд,Төрөл,Өнгө,Үйлдвэрлэсэн он,Орж ирсэн он,Хөдөлгүүр,Дотор өнгө,Лизинг,Хөтлөгч,Явсан,Нөхцөл,Хаалга', NULL, 48, 0, 0, 2),
(23, 1, 'BJ40', 'Мотор багтаамж,Хурдны хайрцаг,Хүрд,Төрөл,Өнгө,Үйлдвэрлэсэн он,Орж ирсэн он,Хөдөлгүүр,Дотор өнгө,Лизинг,Хөтлөгч,Явсан,Нөхцөл,Хаалга', NULL, 48, 0, 0, 2),
(24, 1, 'Бусад', 'Мотор багтаамж,Хурдны хайрцаг,Хүрд,Төрөл,Өнгө,Үйлдвэрлэсэн он,Орж ирсэн он,Хөдөлгүүр,Дотор өнгө,Лизинг,Хөтлөгч,Явсан,Нөхцөл,Хаалга', NULL, 48, 0, 0, 2),
(25, 1, '1-сери', 'Мотор багтаамж,Хурдны хайрцаг,Хүрд,Төрөл,Өнгө,Үйлдвэрлэсэн он,Орж ирсэн он,Хөдөлгүүр,Дотор өнгө,Лизинг,Хөтлөгч,Явсан,Нөхцөл,Хаалга', NULL, 49, 0, 0, 2),
(26, 1, '3-сери', 'Мотор багтаамж,Хурдны хайрцаг,Хүрд,Төрөл,Өнгө,Үйлдвэрлэсэн он,Орж ирсэн он,Хөдөлгүүр,Дотор өнгө,Лизинг,Хөтлөгч,Явсан,Нөхцөл,Хаалга', NULL, 49, 0, 0, 2),
(27, 1, '4-сери', 'Мотор багтаамж,Хурдны хайрцаг,Хүрд,Төрөл,Өнгө,Үйлдвэрлэсэн он,Орж ирсэн он,Хөдөлгүүр,Дотор өнгө,Лизинг,Хөтлөгч,Явсан,Нөхцөл,Хаалга', NULL, 49, 0, 0, 2),
(28, 1, '5-сери', 'Мотор багтаамж,Хурдны хайрцаг,Хүрд,Төрөл,Өнгө,Үйлдвэрлэсэн он,Орж ирсэн он,Хөдөлгүүр,Дотор өнгө,Лизинг,Хөтлөгч,Явсан,Нөхцөл,Хаалга', NULL, 49, 0, 0, 2),
(29, 1, '7-сери', 'Мотор багтаамж,Хурдны хайрцаг,Хүрд,Төрөл,Өнгө,Үйлдвэрлэсэн он,Орж ирсэн он,Хөдөлгүүр,Дотор өнгө,Лизинг,Хөтлөгч,Явсан,Нөхцөл,Хаалга', NULL, 49, 0, 0, 2),
(30, 1, 'M-сери', 'Мотор багтаамж,Хурдны хайрцаг,Хүрд,Төрөл,Өнгө,Үйлдвэрлэсэн он,Орж ирсэн он,Хөдөлгүүр,Дотор өнгө,Лизинг,Хөтлөгч,Явсан,Нөхцөл,Хаалга', NULL, 49, 0, 0, 2),
(31, 1, 'X1', 'Мотор багтаамж,Хурдны хайрцаг,Хүрд,Төрөл,Өнгө,Үйлдвэрлэсэн он,Орж ирсэн он,Хөдөлгүүр,Дотор өнгө,Лизинг,Хөтлөгч,Явсан,Нөхцөл,Хаалга', NULL, 49, 0, 0, 2),
(32, 1, 'X3', 'Мотор багтаамж,Хурдны хайрцаг,Хүрд,Төрөл,Өнгө,Үйлдвэрлэсэн он,Орж ирсэн он,Хөдөлгүүр,Дотор өнгө,Лизинг,Хөтлөгч,Явсан,Нөхцөл,Хаалга', NULL, 49, 0, 0, 2),
(33, 1, 'X5', 'Мотор багтаамж,Хурдны хайрцаг,Хүрд,Төрөл,Өнгө,Үйлдвэрлэсэн он,Орж ирсэн он,Хөдөлгүүр,Дотор өнгө,Лизинг,Хөтлөгч,Явсан,Нөхцөл,Хаалга', NULL, 49, 0, 0, 2),
(34, 1, 'X6', 'Мотор багтаамж,Хурдны хайрцаг,Хүрд,Төрөл,Өнгө,Үйлдвэрлэсэн он,Орж ирсэн он,Хөдөлгүүр,Дотор өнгө,Лизинг,Хөтлөгч,Явсан,Нөхцөл,Хаалга', NULL, 49, 0, 0, 2),
(35, 1, 'Бусад', 'Мотор багтаамж,Хурдны хайрцаг,Хүрд,Төрөл,Өнгө,Үйлдвэрлэсэн он,Орж ирсэн он,Хөдөлгүүр,Дотор өнгө,Лизинг,Хөтлөгч,Явсан,Нөхцөл,Хаалга', NULL, 49, 0, 0, 2),
(36, 1, 'Escalade', 'Мотор багтаамж,Хурдны хайрцаг,Хүрд,Төрөл,Өнгө,Үйлдвэрлэсэн он,Орж ирсэн он,Хөдөлгүүр,Дотор өнгө,Лизинг,Хөтлөгч,Явсан,Нөхцөл,Хаалга', NULL, 50, 0, 0, 2),
(37, 1, 'CTS', 'Мотор багтаамж,Хурдны хайрцаг,Хүрд,Төрөл,Өнгө,Үйлдвэрлэсэн он,Орж ирсэн он,Хөдөлгүүр,Дотор өнгө,Лизинг,Хөтлөгч,Явсан,Нөхцөл,Хаалга', NULL, 50, 0, 0, 2),
(38, 1, 'Бусад', 'Мотор багтаамж,Хурдны хайрцаг,Хүрд,Төрөл,Өнгө,Үйлдвэрлэсэн он,Орж ирсэн он,Хөдөлгүүр,Дотор өнгө,Лизинг,Хөтлөгч,Явсан,Нөхцөл,Хаалга', NULL, 50, 0, 0, 2),
(39, 1, 'Бусад', 'Мотор багтаамж,Хурдны хайрцаг,Хүрд,Төрөл,Өнгө,Үйлдвэрлэсэн он,Орж ирсэн он,Хөдөлгүүр,Дотор өнгө,Лизинг,Хөтлөгч,Явсан,Нөхцөл,Хаалга', NULL, 51, 0, 0, 2),
(40, 1, 'Camaro', 'Мотор багтаамж,Хурдны хайрцаг,Хүрд,Төрөл,Өнгө,Үйлдвэрлэсэн он,Орж ирсэн он,Хөдөлгүүр,Дотор өнгө,Лизинг,Хөтлөгч,Явсан,Нөхцөл,Хаалга', NULL, 52, 0, 0, 2),
(41, 1, 'Captiva Sport', 'Мотор багтаамж,Хурдны хайрцаг,Хүрд,Төрөл,Өнгө,Үйлдвэрлэсэн он,Орж ирсэн он,Хөдөлгүүр,Дотор өнгө,Лизинг,Хөтлөгч,Явсан,Нөхцөл,Хаалга', NULL, 52, 0, 0, 2),
(42, 1, 'Colorado', 'Мотор багтаамж,Хурдны хайрцаг,Хүрд,Төрөл,Өнгө,Үйлдвэрлэсэн он,Орж ирсэн он,Хөдөлгүүр,Дотор өнгө,Лизинг,Хөтлөгч,Явсан,Нөхцөл,Хаалга', NULL, 52, 0, 0, 2),
(43, 1, 'Cruze', 'Мотор багтаамж,Хурдны хайрцаг,Хүрд,Төрөл,Өнгө,Үйлдвэрлэсэн он,Орж ирсэн он,Хөдөлгүүр,Дотор өнгө,Лизинг,Хөтлөгч,Явсан,Нөхцөл,Хаалга', NULL, 52, 0, 0, 2),
(44, 1, 'Malibu', 'Мотор багтаамж,Хурдны хайрцаг,Хүрд,Төрөл,Өнгө,Үйлдвэрлэсэн он,Орж ирсэн он,Хөдөлгүүр,Дотор өнгө,Лизинг,Хөтлөгч,Явсан,Нөхцөл,Хаалга', NULL, 52, 0, 0, 2),
(45, 1, 'Sonic', 'Мотор багтаамж,Хурдны хайрцаг,Хүрд,Төрөл,Өнгө,Үйлдвэрлэсэн он,Орж ирсэн он,Хөдөлгүүр,Дотор өнгө,Лизинг,Хөтлөгч,Явсан,Нөхцөл,Хаалга', NULL, 52, 0, 0, 2),
(46, 1, 'Suburban', 'Мотор багтаамж,Хурдны хайрцаг,Хүрд,Төрөл,Өнгө,Үйлдвэрлэсэн он,Орж ирсэн он,Хөдөлгүүр,Дотор өнгө,Лизинг,Хөтлөгч,Явсан,Нөхцөл,Хаалга', NULL, 52, 0, 0, 2),
(47, 1, 'Tahoe', 'Мотор багтаамж,Хурдны хайрцаг,Хүрд,Төрөл,Өнгө,Үйлдвэрлэсэн он,Орж ирсэн он,Хөдөлгүүр,Дотор өнгө,Лизинг,Хөтлөгч,Явсан,Нөхцөл,Хаалга', NULL, 52, 0, 0, 2),
(48, 1, 'Van', 'Мотор багтаамж,Хурдны хайрцаг,Хүрд,Төрөл,Өнгө,Үйлдвэрлэсэн он,Орж ирсэн он,Хөдөлгүүр,Дотор өнгө,Лизинг,Хөтлөгч,Явсан,Нөхцөл,Хаалга', NULL, 52, 0, 0, 2),
(49, 1, 'Бусад', 'Мотор багтаамж,Хурдны хайрцаг,Хүрд,Төрөл,Өнгө,Үйлдвэрлэсэн он,Орж ирсэн он,Хөдөлгүүр,Дотор өнгө,Лизинг,Хөтлөгч,Явсан,Нөхцөл,Хаалга', NULL, 52, 0, 0, 2),
(50, 1, '300C', 'Мотор багтаамж,Хурдны хайрцаг,Хүрд,Төрөл,Өнгө,Үйлдвэрлэсэн он,Орж ирсэн он,Хөдөлгүүр,Дотор өнгө,Лизинг,Хөтлөгч,Явсан,Нөхцөл,Хаалга', NULL, 53, 0, 0, 2),
(51, 1, '300', 'Мотор багтаамж,Хурдны хайрцаг,Хүрд,Төрөл,Өнгө,Үйлдвэрлэсэн он,Орж ирсэн он,Хөдөлгүүр,Дотор өнгө,Лизинг,Хөтлөгч,Явсан,Нөхцөл,Хаалга', NULL, 53, 0, 0, 2),
(52, 1, 'Crossfire', 'Мотор багтаамж,Хурдны хайрцаг,Хүрд,Төрөл,Өнгө,Үйлдвэрлэсэн он,Орж ирсэн он,Хөдөлгүүр,Дотор өнгө,Лизинг,Хөтлөгч,Явсан,Нөхцөл,Хаалга', NULL, 53, 0, 0, 2),
(53, 1, 'Бусад', 'Мотор багтаамж,Хурдны хайрцаг,Хүрд,Төрөл,Өнгө,Үйлдвэрлэсэн он,Орж ирсэн он,Хөдөлгүүр,Дотор өнгө,Лизинг,Хөтлөгч,Явсан,Нөхцөл,Хаалга', NULL, 54, 0, 0, 2),
(54, 1, 'Rezzo', 'Мотор багтаамж,Хурдны хайрцаг,Хүрд,Төрөл,Өнгө,Үйлдвэрлэсэн он,Орж ирсэн он,Хөдөлгүүр,Дотор өнгө,Лизинг,Хөтлөгч,Явсан,Нөхцөл,Хаалга', NULL, 55, 0, 0, 2),
(55, 1, 'Tosca', 'Мотор багтаамж,Хурдны хайрцаг,Хүрд,Төрөл,Өнгө,Үйлдвэрлэсэн он,Орж ирсэн он,Хөдөлгүүр,Дотор өнгө,Лизинг,Хөтлөгч,Явсан,Нөхцөл,Хаалга', NULL, 55, 0, 0, 2),
(56, 1, 'Бусад', 'Мотор багтаамж,Хурдны хайрцаг,Хүрд,Төрөл,Өнгө,Үйлдвэрлэсэн он,Орж ирсэн он,Хөдөлгүүр,Дотор өнгө,Лизинг,Хаяг байршил,Хөтлөгч,Явсан,Нөхцөл,Хаалга,Жолооч', NULL, 55, 0, 0, 2),
(57, 1, 'Hijet', 'Мотор багтаамж,Хурдны хайрцаг,Хүрд,Төрөл,Өнгө,Үйлдвэрлэсэн он,Орж ирсэн он,Хөдөлгүүр,Дотор өнгө,Лизинг,Хөтлөгч,Явсан,Нөхцөл,Хаалга', NULL, 56, 0, 0, 2),
(58, 1, 'Terios', 'Мотор багтаамж,Хурдны хайрцаг,Хүрд,Төрөл,Өнгө,Үйлдвэрлэсэн он,Орж ирсэн он,Хөдөлгүүр,Дотор өнгө,Лизинг,Хөтлөгч,Явсан,Нөхцөл,Хаалга', NULL, 56, 0, 0, 2),
(59, 1, 'Бусад', 'Мотор багтаамж,Хурдны хайрцаг,Хүрд,Төрөл,Өнгө,Үйлдвэрлэсэн он,Орж ирсэн он,Хөдөлгүүр,Дотор өнгө,Лизинг,Хөтлөгч,Явсан,Нөхцөл,Хаалга', NULL, 56, 0, 0, 2),
(60, 1, 'Ram', 'Мотор багтаамж,Хурдны хайрцаг,Хүрд,Төрөл,Өнгө,Үйлдвэрлэсэн он,Орж ирсэн он,Хөдөлгүүр,Дотор өнгө,Лизинг,Хөтлөгч,Явсан,Нөхцөл,Хаалга', NULL, 57, 0, 0, 2),
(61, 1, 'Challenger', 'Мотор багтаамж,Хурдны хайрцаг,Хүрд,Төрөл,Өнгө,Үйлдвэрлэсэн он,Орж ирсэн он,Хөдөлгүүр,Дотор өнгө,Лизинг,Хөтлөгч,Явсан,Нөхцөл,Хаалга', NULL, 57, 0, 0, 2),
(62, 1, 'Durango', 'Мотор багтаамж,Хурдны хайрцаг,Хүрд,Төрөл,Өнгө,Үйлдвэрлэсэн он,Орж ирсэн он,Хөдөлгүүр,Дотор өнгө,Лизинг,Хөтлөгч,Явсан,Нөхцөл,Хаалга', NULL, 57, 0, 0, 2),
(63, 1, 'Бусад', 'Мотор багтаамж,Хурдны хайрцаг,Хүрд,Төрөл,Өнгө,Үйлдвэрлэсэн он,Орж ирсэн он,Хөдөлгүүр,Дотор өнгө,Лизинг,Хөтлөгч,Явсан,Нөхцөл,Хаалга', NULL, 57, 0, 0, 2),
(64, 1, 'Бусад', 'Мотор багтаамж,Хурдны хайрцаг,Хүрд,Төрөл,Өнгө,Үйлдвэрлэсэн он,Орж ирсэн он,Хөдөлгүүр,Дотор өнгө,Лизинг,Хөтлөгч,Явсан,Нөхцөл,Хаалга', NULL, 58, 0, 0, 2),
(65, 1, 'E-Сери', 'Мотор багтаамж,Хурдны хайрцаг,Хүрд,Төрөл,Өнгө,Үйлдвэрлэсэн он,Орж ирсэн он,Хөдөлгүүр,Дотор өнгө,Лизинг,Хөтлөгч,Явсан,Нөхцөл,Хаалга', NULL, 59, 0, 0, 2),
(66, 1, 'Escape', 'Мотор багтаамж,Хурдны хайрцаг,Хүрд,Төрөл,Өнгө,Үйлдвэрлэсэн он,Орж ирсэн он,Хөдөлгүүр,Дотор өнгө,Лизинг,Хөтлөгч,Явсан,Нөхцөл,Хаалга', NULL, 59, 0, 0, 2),
(67, 1, 'Everest', 'Мотор багтаамж,Хурдны хайрцаг,Хүрд,Төрөл,Өнгө,Үйлдвэрлэсэн он,Орж ирсэн он,Хөдөлгүүр,Дотор өнгө,Лизинг,Хөтлөгч,Явсан,Нөхцөл,Хаалга', NULL, 59, 0, 0, 2),
(68, 1, 'Excursion', 'Мотор багтаамж,Хурдны хайрцаг,Хүрд,Төрөл,Өнгө,Үйлдвэрлэсэн он,Орж ирсэн он,Хөдөлгүүр,Дотор өнгө,Лизинг,Хөтлөгч,Явсан,Нөхцөл,Хаалга', NULL, 59, 0, 0, 2),
(69, 1, 'Expedition', 'Мотор багтаамж,Хурдны хайрцаг,Хүрд,Төрөл,Өнгө,Үйлдвэрлэсэн он,Орж ирсэн он,Хөдөлгүүр,Дотор өнгө,Лизинг,Хөтлөгч,Явсан,Нөхцөл,Хаалга', NULL, 59, 0, 0, 2),
(70, 1, 'Explorer', 'Мотор багтаамж,Хурдны хайрцаг,Хүрд,Төрөл,Өнгө,Үйлдвэрлэсэн он,Орж ирсэн он,Хөдөлгүүр,Дотор өнгө,Лизинг,Хөтлөгч,Явсан,Нөхцөл,Хаалга', NULL, 59, 0, 0, 2),
(71, 1, 'F-сери', 'Мотор багтаамж,Хурдны хайрцаг,Хүрд,Төрөл,Өнгө,Үйлдвэрлэсэн он,Орж ирсэн он,Хөдөлгүүр,Дотор өнгө,Лизинг,Хөтлөгч,Явсан,Нөхцөл,Хаалга', NULL, 59, 0, 0, 2),
(72, 1, 'Mustang', 'Мотор багтаамж,Хурдны хайрцаг,Хүрд,Төрөл,Өнгө,Үйлдвэрлэсэн он,Орж ирсэн он,Хөдөлгүүр,Дотор өнгө,Лизинг,Хөтлөгч,Явсан,Нөхцөл,Хаалга', NULL, 59, 0, 0, 2),
(73, 1, 'Pickup', 'Мотор багтаамж,Хурдны хайрцаг,Хүрд,Төрөл,Өнгө,Үйлдвэрлэсэн он,Орж ирсэн он,Хөдөлгүүр,Дотор өнгө,Лизинг,Хөтлөгч,Явсан,Нөхцөл,Хаалга', NULL, 59, 0, 0, 2),
(74, 1, 'Ranger', 'Мотор багтаамж,Хурдны хайрцаг,Хүрд,Төрөл,Өнгө,Үйлдвэрлэсэн он,Орж ирсэн он,Хөдөлгүүр,Дотор өнгө,Лизинг,Хөтлөгч,Явсан,Нөхцөл,Хаалга', NULL, 59, 0, 0, 2),
(75, 1, 'Transit', 'Мотор багтаамж,Хурдны хайрцаг,Хүрд,Төрөл,Өнгө,Үйлдвэрлэсэн он,Орж ирсэн он,Хөдөлгүүр,Дотор өнгө,Лизинг,Хөтлөгч,Явсан,Нөхцөл,Хаалга', NULL, 59, 0, 0, 2),
(76, 1, 'Бусад', 'Мотор багтаамж,Хурдны хайрцаг,Хүрд,Төрөл,Өнгө,Үйлдвэрлэсэн он,Орж ирсэн он,Хөдөлгүүр,Дотор өнгө,Лизинг,Хөтлөгч,Явсан,Нөхцөл,Хаалга', NULL, 59, 0, 0, 2),
(77, 1, 'Azkarra', 'Мотор багтаамж,Хурдны хайрцаг,Хүрд,Төрөл,Өнгө,Үйлдвэрлэсэн он,Орж ирсэн он,Хөдөлгүүр,Дотор өнгө,Лизинг,Хөтлөгч,Явсан,Нөхцөл,Хаалга', NULL, 60, 0, 0, 2),
(78, 1, 'Coolray', 'Мотор багтаамж,Хурдны хайрцаг,Хүрд,Төрөл,Өнгө,Үйлдвэрлэсэн он,Орж ирсэн он,Хөдөлгүүр,Дотор өнгө,Лизинг,Хөтлөгч,Явсан,Нөхцөл,Хаалга', NULL, 60, 0, 0, 2),
(79, 1, 'Tugella', 'Мотор багтаамж,Хурдны хайрцаг,Хүрд,Төрөл,Өнгө,Үйлдвэрлэсэн он,Орж ирсэн он,Хөдөлгүүр,Дотор өнгө,Лизинг,Хөтлөгч,Явсан,Нөхцөл,Хаалга', NULL, 60, 0, 0, 2),
(80, 1, 'Бусад', 'Мотор багтаамж,Хурдны хайрцаг,Хүрд,Төрөл,Өнгө,Үйлдвэрлэсэн он,Орж ирсэн он,Хөдөлгүүр,Дотор өнгө,Лизинг,Хөтлөгч,Явсан,Нөхцөл,Хаалга', NULL, 61, 0, 0, 2),
(81, 1, 'Accord', 'Мотор багтаамж,Хурдны хайрцаг,Хүрд,Төрөл,Өнгө,Үйлдвэрлэсэн он,Орж ирсэн он,Хөдөлгүүр,Дотор өнгө,Лизинг,Хөтлөгч,Явсан,Нөхцөл,Хаалга', NULL, 62, 0, 0, 2),
(82, 1, 'Acty', 'Мотор багтаамж,Хурдны хайрцаг,Хүрд,Төрөл,Өнгө,Үйлдвэрлэсэн он,Орж ирсэн он,Хөдөлгүүр,Дотор өнгө,Лизинг,Хөтлөгч,Явсан,Нөхцөл,Хаалга', NULL, 62, 0, 0, 2),
(83, 1, 'Civic', 'Мотор багтаамж,Хурдны хайрцаг,Хүрд,Төрөл,Өнгө,Үйлдвэрлэсэн он,Орж ирсэн он,Хөдөлгүүр,Дотор өнгө,Лизинг,Хөтлөгч,Явсан,Нөхцөл,Хаалга', NULL, 62, 0, 0, 2),
(84, 1, 'CR-V', 'Мотор багтаамж,Хурдны хайрцаг,Хүрд,Төрөл,Өнгө,Үйлдвэрлэсэн он,Орж ирсэн он,Хөдөлгүүр,Дотор өнгө,Лизинг,Хөтлөгч,Явсан,Нөхцөл,Хаалга', NULL, 62, 0, 0, 2),
(85, 1, 'CR-Z', 'Мотор багтаамж,Хурдны хайрцаг,Хүрд,Төрөл,Өнгө,Үйлдвэрлэсэн он,Орж ирсэн он,Хөдөлгүүр,Дотор өнгө,Лизинг,Хөтлөгч,Явсан,Нөхцөл,Хаалга', NULL, 62, 0, 0, 2),
(86, 1, 'Crossroad', 'Мотор багтаамж,Хурдны хайрцаг,Хүрд,Төрөл,Өнгө,Үйлдвэрлэсэн он,Орж ирсэн он,Хөдөлгүүр,Дотор өнгө,Лизинг,Хөтлөгч,Явсан,Нөхцөл,Хаалга', NULL, 62, 0, 0, 2),
(87, 1, 'Element', 'Мотор багтаамж,Хурдны хайрцаг,Хүрд,Төрөл,Өнгө,Үйлдвэрлэсэн он,Орж ирсэн он,Хөдөлгүүр,Дотор өнгө,Лизинг,Хөтлөгч,Явсан,Нөхцөл,Хаалга', NULL, 62, 0, 0, 2),
(88, 1, 'Fit', 'Мотор багтаамж,Хурдны хайрцаг,Хүрд,Төрөл,Өнгө,Үйлдвэрлэсэн он,Орж ирсэн он,Хөдөлгүүр,Дотор өнгө,Лизинг,Хөтлөгч,Явсан,Нөхцөл,Хаалга', NULL, 62, 0, 0, 2),
(89, 1, 'HR-V', 'Мотор багтаамж,Хурдны хайрцаг,Хүрд,Төрөл,Өнгө,Үйлдвэрлэсэн он,Орж ирсэн он,Хөдөлгүүр,Дотор өнгө,Лизинг,Хөтлөгч,Явсан,Нөхцөл,Хаалга', NULL, 62, 0, 0, 2),
(90, 1, 'Insight', 'Мотор багтаамж,Хурдны хайрцаг,Хүрд,Төрөл,Өнгө,Үйлдвэрлэсэн он,Орж ирсэн он,Хөдөлгүүр,Дотор өнгө,Лизинг,Хөтлөгч,Явсан,Нөхцөл,Хаалга', NULL, 62, 0, 0, 2),
(91, 1, 'Odyssey', 'Мотор багтаамж,Хурдны хайрцаг,Хүрд,Төрөл,Өнгө,Үйлдвэрлэсэн он,Орж ирсэн он,Хөдөлгүүр,Дотор өнгө,Лизинг,Хөтлөгч,Явсан,Нөхцөл,Хаалга', NULL, 62, 0, 0, 2),
(92, 1, 'Passport', 'Мотор багтаамж,Хурдны хайрцаг,Хүрд,Төрөл,Өнгө,Үйлдвэрлэсэн он,Орж ирсэн он,Хөдөлгүүр,Дотор өнгө,Лизинг,Хөтлөгч,Явсан,Нөхцөл,Хаалга', NULL, 62, 0, 0, 2),
(93, 1, 'Pilot', 'Мотор багтаамж,Хурдны хайрцаг,Хүрд,Төрөл,Өнгө,Үйлдвэрлэсэн он,Орж ирсэн он,Хөдөлгүүр,Дотор өнгө,Лизинг,Хөтлөгч,Явсан,Нөхцөл,Хаалга', NULL, 62, 0, 0, 2),
(94, 1, 'Stepwgn', 'Мотор багтаамж,Хурдны хайрцаг,Хүрд,Төрөл,Өнгө,Үйлдвэрлэсэн он,Орж ирсэн он,Хөдөлгүүр,Дотор өнгө,Лизинг,Хөтлөгч,Явсан,Нөхцөл,Хаалга', NULL, 62, 0, 0, 2),
(95, 1, 'Бусад', 'Мотор багтаамж,Хурдны хайрцаг,Хүрд,Төрөл,Өнгө,Үйлдвэрлэсэн он,Орж ирсэн он,Хөдөлгүүр,Дотор өнгө,Лизинг,Хөтлөгч,Явсан,Нөхцөл,Хаалга', NULL, 62, 0, 0, 2),
(96, 1, 'H-2', 'Мотор багтаамж,Хурдны хайрцаг,Хүрд,Төрөл,Өнгө,Үйлдвэрлэсэн он,Орж ирсэн он,Хөдөлгүүр,Дотор өнгө,Лизинг,Хөтлөгч,Явсан,Нөхцөл,Хаалга', NULL, 63, 0, 0, 2),
(97, 1, 'H-3', 'Мотор багтаамж,Хурдны хайрцаг,Хүрд,Төрөл,Өнгө,Үйлдвэрлэсэн он,Орж ирсэн он,Хөдөлгүүр,Дотор өнгө,Лизинг,Хөтлөгч,Явсан,Нөхцөл,Хаалга', NULL, 63, 0, 0, 2),
(98, 1, 'H-1', 'Мотор багтаамж,Хурдны хайрцаг,Хүрд,Төрөл,Өнгө,Үйлдвэрлэсэн он,Орж ирсэн он,Хөдөлгүүр,Дотор өнгө,Лизинг,Хөтлөгч,Явсан,Нөхцөл,Хаалга', NULL, 63, 0, 0, 2),
(99, 1, 'Accent', 'Мотор багтаамж,Хурдны хайрцаг,Хүрд,Төрөл,Өнгө,Үйлдвэрлэсэн он,Орж ирсэн он,Хөдөлгүүр,Дотор өнгө,Лизинг,Хөтлөгч,Явсан,Нөхцөл,Хаалга', NULL, 64, 0, 0, 2),
(100, 1, 'Azera', 'Мотор багтаамж,Хурдны хайрцаг,Хүрд,Төрөл,Өнгө,Үйлдвэрлэсэн он,Орж ирсэн он,Хөдөлгүүр,Дотор өнгө,Лизинг,Хөтлөгч,Явсан,Нөхцөл,Хаалга', NULL, 64, 0, 0, 2),
(101, 1, 'Avante', 'Мотор багтаамж,Хурдны хайрцаг,Хүрд,Төрөл,Өнгө,Үйлдвэрлэсэн он,Орж ирсэн он,Хөдөлгүүр,Дотор өнгө,Лизинг,Хөтлөгч,Явсан,Нөхцөл,Хаалга', NULL, 64, 0, 0, 2),
(102, 1, 'County', 'Мотор багтаамж,Хурдны хайрцаг,Хүрд,Төрөл,Өнгө,Үйлдвэрлэсэн он,Орж ирсэн он,Хөдөлгүүр,Дотор өнгө,Лизинг,Хөтлөгч,Явсан,Нөхцөл,Хаалга', NULL, 64, 0, 0, 2),
(103, 1, 'Elantra', 'Мотор багтаамж,Хурдны хайрцаг,Хүрд,Төрөл,Өнгө,Үйлдвэрлэсэн он,Орж ирсэн он,Хөдөлгүүр,Дотор өнгө,Лизинг,Хөтлөгч,Явсан,Нөхцөл,Хаалга', NULL, 64, 0, 0, 2),
(104, 1, 'Equus', 'Мотор багтаамж,Хурдны хайрцаг,Хүрд,Төрөл,Өнгө,Үйлдвэрлэсэн он,Орж ирсэн он,Хөдөлгүүр,Дотор өнгө,Лизинг,Хөтлөгч,Явсан,Нөхцөл,Хаалга', NULL, 64, 0, 0, 2),
(105, 1, 'Galloper', 'Мотор багтаамж,Хурдны хайрцаг,Хүрд,Төрөл,Өнгө,Үйлдвэрлэсэн он,Орж ирсэн он,Хөдөлгүүр,Дотор өнгө,Лизинг,Хөтлөгч,Явсан,Нөхцөл,Хаалга', NULL, 64, 0, 0, 2),
(106, 1, 'Genesis', 'Мотор багтаамж,Хурдны хайрцаг,Хүрд,Төрөл,Өнгө,Үйлдвэрлэсэн он,Орж ирсэн он,Хөдөлгүүр,Дотор өнгө,Лизинг,Хөтлөгч,Явсан,Нөхцөл,Хаалга', NULL, 64, 0, 0, 2),
(107, 1, 'Grace', 'Мотор багтаамж,Хурдны хайрцаг,Хүрд,Төрөл,Өнгө,Үйлдвэрлэсэн он,Орж ирсэн он,Хөдөлгүүр,Дотор өнгө,Лизинг,Хөтлөгч,Явсан,Нөхцөл,Хаалга', NULL, 64, 0, 0, 2),
(108, 1, 'Grandeur', 'Мотор багтаамж,Хурдны хайрцаг,Хүрд,Төрөл,Өнгө,Үйлдвэрлэсэн он,Орж ирсэн он,Хөдөлгүүр,Дотор өнгө,Лизинг,Хөтлөгч,Явсан,Нөхцөл,Хаалга', NULL, 64, 0, 0, 2),
(109, 1, 'Santa-Fe', 'Мотор багтаамж,Хурдны хайрцаг,Хүрд,Төрөл,Өнгө,Үйлдвэрлэсэн он,Орж ирсэн он,Хөдөлгүүр,Дотор өнгө,Лизинг,Хөтлөгч,Явсан,Нөхцөл,Хаалга', NULL, 64, 0, 0, 2),
(110, 1, 'Sonata', 'Мотор багтаамж,Хурдны хайрцаг,Хүрд,Төрөл,Өнгө,Үйлдвэрлэсэн он,Орж ирсэн он,Хөдөлгүүр,Дотор өнгө,Лизинг,Хөтлөгч,Явсан,Нөхцөл,Хаалга', NULL, 64, 0, 0, 2),
(111, 1, 'Sonata Hybrid', 'Мотор багтаамж,Хурдны хайрцаг,Хүрд,Төрөл,Өнгө,Үйлдвэрлэсэн он,Орж ирсэн он,Хөдөлгүүр,Дотор өнгө,Лизинг,Хөтлөгч,Явсан,Нөхцөл,Хаалга', NULL, 64, 0, 0, 2),
(112, 1, 'Starex', 'Мотор багтаамж,Хурдны хайрцаг,Хүрд,Төрөл,Өнгө,Үйлдвэрлэсэн он,Орж ирсэн он,Хөдөлгүүр,Дотор өнгө,Лизинг,Хөтлөгч,Явсан,Нөхцөл,Хаалга', NULL, 64, 0, 0, 2),
(113, 1, 'Terracan', 'Мотор багтаамж,Хурдны хайрцаг,Хүрд,Төрөл,Өнгө,Үйлдвэрлэсэн он,Орж ирсэн он,Хөдөлгүүр,Дотор өнгө,Лизинг,Хөтлөгч,Явсан,Нөхцөл,Хаалга', NULL, 64, 0, 0, 2),
(114, 1, 'Tucson', 'Мотор багтаамж,Хурдны хайрцаг,Хүрд,Төрөл,Өнгө,Үйлдвэрлэсэн он,Орж ирсэн он,Хөдөлгүүр,Дотор өнгө,Лизинг,Хөтлөгч,Явсан,Нөхцөл,Хаалга', NULL, 64, 0, 0, 2),
(115, 1, 'Verna', 'Мотор багтаамж,Хурдны хайрцаг,Хүрд,Төрөл,Өнгө,Үйлдвэрлэсэн он,Орж ирсэн он,Хөдөлгүүр,Дотор өнгө,Лизинг,Хөтлөгч,Явсан,Нөхцөл,Хаалга', NULL, 64, 0, 0, 2),
(116, 1, 'Veracruz', 'Мотор багтаамж,Хурдны хайрцаг,Хүрд,Төрөл,Өнгө,Үйлдвэрлэсэн он,Орж ирсэн он,Хөдөлгүүр,Дотор өнгө,Лизинг,Хөтлөгч,Явсан,Нөхцөл,Хаалга', NULL, 64, 0, 0, 2),
(117, 1, 'Бусад', 'Мотор багтаамж,Хурдны хайрцаг,Хүрд,Төрөл,Өнгө,Үйлдвэрлэсэн он,Орж ирсэн он,Хөдөлгүүр,Дотор өнгө,Лизинг,Хөтлөгч,Явсан,Нөхцөл,Хаалга', NULL, 64, 0, 0, 2),
(118, 1, 'QX', 'Мотор багтаамж,Хурдны хайрцаг,Хүрд,Төрөл,Өнгө,Үйлдвэрлэсэн он,Орж ирсэн он,Хөдөлгүүр,Дотор өнгө,Лизинг,Хөтлөгч,Явсан,Нөхцөл,Хаалга', NULL, 65, 0, 0, 2),
(119, 1, 'FX', 'Мотор багтаамж,Хурдны хайрцаг,Хүрд,Төрөл,Өнгө,Үйлдвэрлэсэн он,Орж ирсэн он,Хөдөлгүүр,Дотор өнгө,Лизинг,Хөтлөгч,Явсан,Нөхцөл,Хаалга', NULL, 65, 0, 0, 2),
(120, 1, 'Q', 'Мотор багтаамж,Хурдны хайрцаг,Хүрд,Төрөл,Өнгө,Үйлдвэрлэсэн он,Орж ирсэн он,Хөдөлгүүр,Дотор өнгө,Лизинг,Хөтлөгч,Явсан,Нөхцөл,Хаалга', NULL, 65, 0, 0, 2),
(121, 1, 'EX', 'Мотор багтаамж,Хурдны хайрцаг,Хүрд,Төрөл,Өнгө,Үйлдвэрлэсэн он,Орж ирсэн он,Хөдөлгүүр,Дотор өнгө,Лизинг,Хөтлөгч,Явсан,Нөхцөл,Хаалга', NULL, 65, 0, 0, 2),
(122, 1, 'Bighorn', 'Мотор багтаамж,Хурдны хайрцаг,Хүрд,Төрөл,Өнгө,Үйлдвэрлэсэн он,Орж ирсэн он,Хөдөлгүүр,Дотор өнгө,Лизинг,Хөтлөгч,Явсан,Нөхцөл,Хаалга', NULL, 66, 0, 0, 2),
(123, 1, 'Pickup', 'Мотор багтаамж,Хурдны хайрцаг,Хүрд,Төрөл,Өнгө,Үйлдвэрлэсэн он,Орж ирсэн он,Хөдөлгүүр,Дотор өнгө,Лизинг,Хөтлөгч,Явсан,Нөхцөл,Хаалга', NULL, 66, 0, 0, 2),
(124, 1, 'Wizard', 'Мотор багтаамж,Хурдны хайрцаг,Хүрд,Төрөл,Өнгө,Үйлдвэрлэсэн он,Орж ирсэн он,Хөдөлгүүр,Дотор өнгө,Лизинг,Хөтлөгч,Явсан,Нөхцөл,Хаалга', NULL, 66, 0, 0, 2),
(125, 1, 'Бусад', 'Мотор багтаамж,Хурдны хайрцаг,Хүрд,Төрөл,Өнгө,Үйлдвэрлэсэн он,Орж ирсэн он,Хөдөлгүүр,Дотор өнгө,Лизинг,Хөтлөгч,Явсан,Нөхцөл,Хаалга', NULL, 66, 0, 0, 2),
(126, 1, 'XJ', 'Мотор багтаамж,Хурдны хайрцаг,Хүрд,Төрөл,Өнгө,Үйлдвэрлэсэн он,Орж ирсэн он,Хөдөлгүүр,Дотор өнгө,Лизинг,Хөтлөгч,Явсан,Нөхцөл,Хаалга', NULL, 67, 0, 0, 2),
(127, 1, 'X-Type', 'Мотор багтаамж,Хурдны хайрцаг,Хүрд,Төрөл,Өнгө,Үйлдвэрлэсэн он,Орж ирсэн он,Хөдөлгүүр,Дотор өнгө,Лизинг,Хөтлөгч,Явсан,Нөхцөл,Хаалга', NULL, 67, 0, 0, 2),
(128, 1, 'Бусад', 'Мотор багтаамж,Хурдны хайрцаг,Хүрд,Төрөл,Өнгө,Үйлдвэрлэсэн он,Орж ирсэн он,Хөдөлгүүр,Дотор өнгө,Лизинг,Хөтлөгч,Явсан,Нөхцөл,Хаалга', NULL, 67, 0, 0, 2),
(129, 1, 'Wrangler', 'Мотор багтаамж,Хурдны хайрцаг,Хүрд,Төрөл,Өнгө,Үйлдвэрлэсэн он,Орж ирсэн он,Хөдөлгүүр,Дотор өнгө,Лизинг,Хөтлөгч,Явсан,Нөхцөл,Хаалга', NULL, 68, 0, 0, 2),
(130, 1, 'Grand Cherokee', 'Мотор багтаамж,Хурдны хайрцаг,Хүрд,Төрөл,Өнгө,Үйлдвэрлэсэн он,Орж ирсэн он,Хөдөлгүүр,Дотор өнгө,Лизинг,Хөтлөгч,Явсан,Нөхцөл,Хаалга', NULL, 68, 0, 0, 2),
(131, 1, 'Cherokee', 'Мотор багтаамж,Хурдны хайрцаг,Хүрд,Төрөл,Өнгө,Үйлдвэрлэсэн он,Орж ирсэн он,Хөдөлгүүр,Дотор өнгө,Лизинг,Хөтлөгч,Явсан,Нөхцөл,Хаалга', NULL, 68, 0, 0, 2),
(132, 1, 'Бусад', 'Мотор багтаамж,Хурдны хайрцаг,Хүрд,Төрөл,Өнгө,Үйлдвэрлэсэн он,Орж ирсэн он,Хөдөлгүүр,Дотор өнгө,Лизинг,Хөтлөгч,Явсан,Нөхцөл,Хаалга', NULL, 68, 0, 0, 2),
(133, 1, 'Borrego', 'Мотор багтаамж,Хурдны хайрцаг,Хүрд,Төрөл,Өнгө,Үйлдвэрлэсэн он,Орж ирсэн он,Хөдөлгүүр,Дотор өнгө,Лизинг,Хөтлөгч,Явсан,Нөхцөл,Хаалга', NULL, 69, 0, 0, 2),
(134, 1, 'Cadenza/K7', 'Мотор багтаамж,Хурдны хайрцаг,Хүрд,Төрөл,Өнгө,Үйлдвэрлэсэн он,Орж ирсэн он,Хөдөлгүүр,Дотор өнгө,Лизинг,Хөтлөгч,Явсан,Нөхцөл,Хаалга', NULL, 69, 0, 0, 2),
(135, 1, 'Forte', 'Мотор багтаамж,Хурдны хайрцаг,Хүрд,Төрөл,Өнгө,Үйлдвэрлэсэн он,Орж ирсэн он,Хөдөлгүүр,Дотор өнгө,Лизинг,Хөтлөгч,Явсан,Нөхцөл,Хаалга', NULL, 69, 0, 0, 2),
(136, 1, 'Optima/K5', 'Мотор багтаамж,Хурдны хайрцаг,Хүрд,Төрөл,Өнгө,Үйлдвэрлэсэн он,Орж ирсэн он,Хөдөлгүүр,Дотор өнгө,Лизинг,Хөтлөгч,Явсан,Нөхцөл,Хаалга', NULL, 69, 0, 0, 2),
(137, 1, 'Pregio', 'Мотор багтаамж,Хурдны хайрцаг,Хүрд,Төрөл,Өнгө,Үйлдвэрлэсэн он,Орж ирсэн он,Хөдөлгүүр,Дотор өнгө,Лизинг,Хөтлөгч,Явсан,Нөхцөл,Хаалга', NULL, 69, 0, 0, 2),
(138, 1, 'Rexton', 'Мотор багтаамж,Хурдны хайрцаг,Хүрд,Төрөл,Өнгө,Үйлдвэрлэсэн он,Орж ирсэн он,Хөдөлгүүр,Дотор өнгө,Лизинг,Хөтлөгч,Явсан,Нөхцөл,Хаалга', NULL, 69, 0, 0, 2),
(139, 1, 'Rio', 'Мотор багтаамж,Хурдны хайрцаг,Хүрд,Төрөл,Өнгө,Үйлдвэрлэсэн он,Орж ирсэн он,Хөдөлгүүр,Дотор өнгө,Лизинг,Хөтлөгч,Явсан,Нөхцөл,Хаалга', NULL, 69, 0, 0, 2),
(140, 1, 'Sorento', 'Мотор багтаамж,Хурдны хайрцаг,Хүрд,Төрөл,Өнгө,Үйлдвэрлэсэн он,Орж ирсэн он,Хөдөлгүүр,Дотор өнгө,Лизинг,Хөтлөгч,Явсан,Нөхцөл,Хаалга', NULL, 69, 0, 0, 2),
(141, 1, 'Soul', 'Мотор багтаамж,Хурдны хайрцаг,Хүрд,Төрөл,Өнгө,Үйлдвэрлэсэн он,Орж ирсэн он,Хөдөлгүүр,Дотор өнгө,Лизинг,Хөтлөгч,Явсан,Нөхцөл,Хаалга', NULL, 69, 0, 0, 2),
(142, 1, 'Sportage', 'Мотор багтаамж,Хурдны хайрцаг,Хүрд,Төрөл,Өнгө,Үйлдвэрлэсэн он,Орж ирсэн он,Хөдөлгүүр,Дотор өнгө,Лизинг,Хөтлөгч,Явсан,Нөхцөл,Хаалга', NULL, 69, 0, 0, 2),
(143, 1, 'Бусад', 'Мотор багтаамж,Хурдны хайрцаг,Хүрд,Төрөл,Өнгө,Үйлдвэрлэсэн он,Орж ирсэн он,Хөдөлгүүр,Дотор өнгө,Лизинг,Хөтлөгч,Явсан,Нөхцөл,Хаалга', NULL, 69, 0, 0, 2),
(144, 1, 'Range Rover', 'Мотор багтаамж,Хурдны хайрцаг,Хүрд,Төрөл,Өнгө,Үйлдвэрлэсэн он,Орж ирсэн он,Хөдөлгүүр,Дотор өнгө,Лизинг,Хөтлөгч,Явсан,Нөхцөл,Хаалга', NULL, 70, 0, 0, 2),
(145, 1, 'Discovery', 'Мотор багтаамж,Хурдны хайрцаг,Хүрд,Төрөл,Өнгө,Үйлдвэрлэсэн он,Орж ирсэн он,Хөдөлгүүр,Дотор өнгө,Лизинг,Хөтлөгч,Явсан,Нөхцөл,Хаалга', NULL, 70, 0, 0, 2),
(146, 1, 'Defender', 'Мотор багтаамж,Хурдны хайрцаг,Хүрд,Төрөл,Өнгө,Үйлдвэрлэсэн он,Орж ирсэн он,Хөдөлгүүр,Дотор өнгө,Лизинг,Хөтлөгч,Явсан,Нөхцөл,Хаалга', NULL, 70, 0, 0, 2),
(147, 1, 'Land Rover', 'Мотор багтаамж,Хурдны хайрцаг,Хүрд,Төрөл,Өнгө,Үйлдвэрлэсэн он,Орж ирсэн он,Хөдөлгүүр,Дотор өнгө,Лизинг,Хөтлөгч,Явсан,Нөхцөл,Хаалга', NULL, 70, 0, 0, 2),
(148, 1, 'Freelander', 'Мотор багтаамж,Хурдны хайрцаг,Хүрд,Төрөл,Өнгө,Үйлдвэрлэсэн он,Орж ирсэн он,Хөдөлгүүр,Дотор өнгө,Лизинг,Хөтлөгч,Явсан,Нөхцөл,Хаалга', NULL, 70, 0, 0, 2),
(149, 1, 'Бусад', 'Мотор багтаамж,Хурдны хайрцаг,Хүрд,Төрөл,Өнгө,Үйлдвэрлэсэн он,Орж ирсэн он,Хөдөлгүүр,Дотор өнгө,Лизинг,Хөтлөгч,Явсан,Нөхцөл,Хаалга', NULL, 70, 0, 0, 2),
(150, 1, 'CT', 'Мотор багтаамж,Хурдны хайрцаг,Хүрд,Төрөл,Өнгө,Үйлдвэрлэсэн он,Орж ирсэн он,Хөдөлгүүр,Дотор өнгө,Лизинг,Хөтлөгч,Явсан,Нөхцөл,Хаалга', NULL, 71, 0, 0, 2),
(151, 1, 'ES', 'Мотор багтаамж,Хурдны хайрцаг,Хүрд,Төрөл,Өнгө,Үйлдвэрлэсэн он,Орж ирсэн он,Хөдөлгүүр,Дотор өнгө,Лизинг,Хөтлөгч,Явсан,Нөхцөл,Хаалга', NULL, 71, 0, 0, 2),
(152, 1, 'GS', 'Мотор багтаамж,Хурдны хайрцаг,Хүрд,Төрөл,Өнгө,Үйлдвэрлэсэн он,Орж ирсэн он,Хөдөлгүүр,Дотор өнгө,Лизинг,Хөтлөгч,Явсан,Нөхцөл,Хаалга', NULL, 71, 0, 0, 2),
(153, 1, 'GX', 'Мотор багтаамж,Хурдны хайрцаг,Хүрд,Төрөл,Өнгө,Үйлдвэрлэсэн он,Орж ирсэн он,Хөдөлгүүр,Дотор өнгө,Лизинг,Хөтлөгч,Явсан,Нөхцөл,Хаалга', NULL, 71, 0, 0, 2),
(154, 1, 'HS', 'Мотор багтаамж,Хурдны хайрцаг,Хүрд,Төрөл,Өнгө,Үйлдвэрлэсэн он,Орж ирсэн он,Хөдөлгүүр,Дотор өнгө,Лизинг,Хөтлөгч,Явсан,Нөхцөл,Хаалга', NULL, 71, 0, 0, 2),
(155, 1, 'IS', 'Мотор багтаамж,Хурдны хайрцаг,Хүрд,Төрөл,Өнгө,Үйлдвэрлэсэн он,Орж ирсэн он,Хөдөлгүүр,Дотор өнгө,Лизинг,Хөтлөгч,Явсан,Нөхцөл,Хаалга', NULL, 71, 0, 0, 2),
(156, 1, 'LS', 'Мотор багтаамж,Хурдны хайрцаг,Хүрд,Төрөл,Өнгө,Үйлдвэрлэсэн он,Орж ирсэн он,Хөдөлгүүр,Дотор өнгө,Лизинг,Хөтлөгч,Явсан,Нөхцөл,Хаалга', NULL, 71, 0, 0, 2),
(157, 1, 'LX', 'Мотор багтаамж,Хурдны хайрцаг,Хүрд,Төрөл,Өнгө,Үйлдвэрлэсэн он,Орж ирсэн он,Хөдөлгүүр,Дотор өнгө,Лизинг,Хөтлөгч,Явсан,Нөхцөл,Хаалга', NULL, 71, 0, 0, 2),
(158, 1, 'NX', 'Мотор багтаамж,Хурдны хайрцаг,Хүрд,Төрөл,Өнгө,Үйлдвэрлэсэн он,Орж ирсэн он,Хөдөлгүүр,Дотор өнгө,Лизинг,Хөтлөгч,Явсан,Нөхцөл,Хаалга', NULL, 71, 0, 0, 2),
(159, 1, 'RX', 'Мотор багтаамж,Хурдны хайрцаг,Хүрд,Төрөл,Өнгө,Үйлдвэрлэсэн он,Орж ирсэн он,Хөдөлгүүр,Дотор өнгө,Лизинг,Хөтлөгч,Явсан,Нөхцөл,Хаалга', NULL, 71, 0, 0, 2),
(160, 1, 'Бусад', 'Мотор багтаамж,Хурдны хайрцаг,Хүрд,Төрөл,Өнгө,Үйлдвэрлэсэн он,Орж ирсэн он,Хөдөлгүүр,Дотор өнгө,Лизинг,Хөтлөгч,Явсан,Нөхцөл,Хаалга', NULL, 71, 0, 0, 2),
(162, 1, '323 Familia', 'Мотор багтаамж,Хурдны хайрцаг,Хүрд,Төрөл,Өнгө,Үйлдвэрлэсэн он,Орж ирсэн он,Хөдөлгүүр,Дотор өнгө,Лизинг,Хөтлөгч,Явсан,Нөхцөл,Хаалга', NULL, 72, 0, 0, 2),
(163, 1, 'Bongo', 'Мотор багтаамж,Хурдны хайрцаг,Хүрд,Төрөл,Өнгө,Үйлдвэрлэсэн он,Орж ирсэн он,Хөдөлгүүр,Дотор өнгө,Лизинг,Хөтлөгч,Явсан,Нөхцөл,Хаалга', NULL, 72, 0, 0, 2),
(164, 1, 'CX', 'Мотор багтаамж,Хурдны хайрцаг,Хүрд,Төрөл,Өнгө,Үйлдвэрлэсэн он,Орж ирсэн он,Хөдөлгүүр,Дотор өнгө,Лизинг,Хөтлөгч,Явсан,Нөхцөл,Хаалга', NULL, 72, 0, 0, 2),
(165, 1, 'Mazda2 Demio', 'Мотор багтаамж,Хурдны хайрцаг,Хүрд,Төрөл,Өнгө,Үйлдвэрлэсэн он,Орж ирсэн он,Хөдөлгүүр,Дотор өнгө,Лизинг,Хөтлөгч,Явсан,Нөхцөл,Хаалга', NULL, 72, 0, 0, 2),
(166, 1, 'Mazda3 Axela', 'Мотор багтаамж,Хурдны хайрцаг,Хүрд,Төрөл,Өнгө,Үйлдвэрлэсэн он,Орж ирсэн он,Хөдөлгүүр,Дотор өнгө,Лизинг,Хөтлөгч,Явсан,Нөхцөл,Хаалга', NULL, 72, 0, 0, 2),
(167, 1, 'Mazda6 Atenza', 'Мотор багтаамж,Хурдны хайрцаг,Хүрд,Төрөл,Өнгө,Үйлдвэрлэсэн он,Орж ирсэн он,Хөдөлгүүр,Дотор өнгө,Лизинг,Хөтлөгч,Явсан,Нөхцөл,Хаалга', NULL, 72, 0, 0, 2),
(168, 1, 'MPV', 'Мотор багтаамж,Хурдны хайрцаг,Хүрд,Төрөл,Өнгө,Үйлдвэрлэсэн он,Орж ирсэн он,Хөдөлгүүр,Дотор өнгө,Лизинг,Хөтлөгч,Явсан,Нөхцөл,Хаалга', NULL, 72, 0, 0, 2),
(169, 1, 'MX', 'Мотор багтаамж,Хурдны хайрцаг,Хүрд,Төрөл,Өнгө,Үйлдвэрлэсэн он,Орж ирсэн он,Хөдөлгүүр,Дотор өнгө,Лизинг,Хөтлөгч,Явсан,Нөхцөл,Хаалга', NULL, 72, 0, 0, 2),
(170, 1, 'Pickup', 'Мотор багтаамж,Хурдны хайрцаг,Хүрд,Төрөл,Өнгө,Үйлдвэрлэсэн он,Орж ирсэн он,Хөдөлгүүр,Дотор өнгө,Лизинг,Хөтлөгч,Явсан,Нөхцөл,Хаалга', NULL, 72, 0, 0, 2),
(171, 1, 'Proceed', 'Мотор багтаамж,Хурдны хайрцаг,Хүрд,Төрөл,Өнгө,Үйлдвэрлэсэн он,Орж ирсэн он,Хөдөлгүүр,Дотор өнгө,Лизинг,Хөтлөгч,Явсан,Нөхцөл,Хаалга', NULL, 72, 0, 0, 2),
(172, 1, 'Tribute', 'Мотор багтаамж,Хурдны хайрцаг,Хүрд,Төрөл,Өнгө,Үйлдвэрлэсэн он,Орж ирсэн он,Хөдөлгүүр,Дотор өнгө,Лизинг,Хөтлөгч,Явсан,Нөхцөл,Хаалга', NULL, 72, 0, 0, 2),
(173, 1, 'Verisa', 'Мотор багтаамж,Хурдны хайрцаг,Хүрд,Төрөл,Өнгө,Үйлдвэрлэсэн он,Орж ирсэн он,Хөдөлгүүр,Дотор өнгө,Лизинг,Хөтлөгч,Явсан,Нөхцөл,Хаалга', NULL, 72, 0, 0, 2),
(174, 1, 'Бусад', 'Мотор багтаамж,Хурдны хайрцаг,Хүрд,Төрөл,Өнгө,Үйлдвэрлэсэн он,Орж ирсэн он,Хөдөлгүүр,Дотор өнгө,Лизинг,Хөтлөгч,Явсан,Нөхцөл,Хаалга', NULL, 72, 0, 0, 2),
(175, 1, 'A-Class', 'Мотор багтаамж,Хурдны хайрцаг,Хүрд,Төрөл,Өнгө,Үйлдвэрлэсэн он,Орж ирсэн он,Хөдөлгүүр,Дотор өнгө,Лизинг,Хөтлөгч,Явсан,Нөхцөл,Хаалга', NULL, 73, 0, 0, 2),
(176, 1, 'B-Class', 'Мотор багтаамж,Хурдны хайрцаг,Хүрд,Төрөл,Өнгө,Үйлдвэрлэсэн он,Орж ирсэн он,Хөдөлгүүр,Дотор өнгө,Лизинг,Хөтлөгч,Явсан,Нөхцөл,Хаалга', NULL, 73, 0, 0, 2),
(177, 1, 'C-Class', 'Мотор багтаамж,Хурдны хайрцаг,Хүрд,Төрөл,Өнгө,Үйлдвэрлэсэн он,Орж ирсэн он,Хөдөлгүүр,Дотор өнгө,Лизинг,Хөтлөгч,Явсан,Нөхцөл,Хаалга', NULL, 73, 0, 0, 2),
(178, 1, 'CL-Class', 'Мотор багтаамж,Хурдны хайрцаг,Хүрд,Төрөл,Өнгө,Үйлдвэрлэсэн он,Орж ирсэн он,Хөдөлгүүр,Дотор өнгө,Лизинг,Хөтлөгч,Явсан,Нөхцөл,Хаалга', NULL, 73, 0, 0, 2),
(179, 1, 'CLA-Class', 'Мотор багтаамж,Хурдны хайрцаг,Хүрд,Төрөл,Өнгө,Үйлдвэрлэсэн он,Орж ирсэн он,Хөдөлгүүр,Дотор өнгө,Лизинг,Хөтлөгч,Явсан,Нөхцөл,Хаалга', NULL, 73, 0, 0, 2),
(180, 1, 'CLK-Class', 'Мотор багтаамж,Хурдны хайрцаг,Хүрд,Төрөл,Өнгө,Үйлдвэрлэсэн он,Орж ирсэн он,Хөдөлгүүр,Дотор өнгө,Лизинг,Хөтлөгч,Явсан,Нөхцөл,Хаалга', NULL, 73, 0, 0, 2),
(181, 1, 'CLS-Class', 'Мотор багтаамж,Хурдны хайрцаг,Хүрд,Төрөл,Өнгө,Үйлдвэрлэсэн он,Орж ирсэн он,Хөдөлгүүр,Дотор өнгө,Лизинг,Хөтлөгч,Явсан,Нөхцөл,Хаалга', NULL, 73, 0, 0, 2),
(182, 1, 'E-Class', 'Мотор багтаамж,Хурдны хайрцаг,Хүрд,Төрөл,Өнгө,Үйлдвэрлэсэн он,Орж ирсэн он,Хөдөлгүүр,Дотор өнгө,Лизинг,Хөтлөгч,Явсан,Нөхцөл,Хаалга', NULL, 73, 0, 0, 2),
(183, 1, 'G-Class', 'Мотор багтаамж,Хурдны хайрцаг,Хүрд,Төрөл,Өнгө,Үйлдвэрлэсэн он,Орж ирсэн он,Хөдөлгүүр,Дотор өнгө,Лизинг,Хөтлөгч,Явсан,Нөхцөл,Хаалга', NULL, 73, 0, 0, 2),
(184, 1, 'GL-Class', 'Мотор багтаамж,Хурдны хайрцаг,Хүрд,Төрөл,Өнгө,Үйлдвэрлэсэн он,Орж ирсэн он,Хөдөлгүүр,Дотор өнгө,Лизинг,Хөтлөгч,Явсан,Нөхцөл,Хаалга', NULL, 73, 0, 0, 2),
(185, 1, 'GLA-Class', 'Мотор багтаамж,Хурдны хайрцаг,Хүрд,Төрөл,Өнгө,Үйлдвэрлэсэн он,Орж ирсэн он,Хөдөлгүүр,Дотор өнгө,Лизинг,Хөтлөгч,Явсан,Нөхцөл,Хаалга', NULL, 73, 0, 0, 2),
(186, 1, 'GLK-Class', 'Мотор багтаамж,Хурдны хайрцаг,Хүрд,Төрөл,Өнгө,Үйлдвэрлэсэн он,Орж ирсэн он,Хөдөлгүүр,Дотор өнгө,Лизинг,Хөтлөгч,Явсан,Нөхцөл,Хаалга', NULL, 73, 0, 0, 2),
(187, 1, 'M-Class', 'Мотор багтаамж,Хурдны хайрцаг,Хүрд,Төрөл,Өнгө,Үйлдвэрлэсэн он,Орж ирсэн он,Хөдөлгүүр,Дотор өнгө,Лизинг,Хөтлөгч,Явсан,Нөхцөл,Хаалга', NULL, 73, 0, 0, 2),
(188, 1, 'R-Class', 'Мотор багтаамж,Хурдны хайрцаг,Хүрд,Төрөл,Өнгө,Үйлдвэрлэсэн он,Орж ирсэн он,Хөдөлгүүр,Дотор өнгө,Лизинг,Хөтлөгч,Явсан,Нөхцөл,Хаалга', NULL, 73, 0, 0, 2),
(189, 1, 'S-Class', 'Мотор багтаамж,Хурдны хайрцаг,Хүрд,Төрөл,Өнгө,Үйлдвэрлэсэн он,Орж ирсэн он,Хөдөлгүүр,Дотор өнгө,Лизинг,Хөтлөгч,Явсан,Нөхцөл,Хаалга', NULL, 73, 0, 0, 2),
(190, 1, 'SL-Class', 'Мотор багтаамж,Хурдны хайрцаг,Хүрд,Төрөл,Өнгө,Үйлдвэрлэсэн он,Орж ирсэн он,Хөдөлгүүр,Дотор өнгө,Лизинг,Хөтлөгч,Явсан,Нөхцөл,Хаалга', NULL, 73, 0, 0, 2),
(191, 1, 'SLK-Class', 'Мотор багтаамж,Хурдны хайрцаг,Хүрд,Төрөл,Өнгө,Үйлдвэрлэсэн он,Орж ирсэн он,Хөдөлгүүр,Дотор өнгө,Лизинг,Хөтлөгч,Явсан,Нөхцөл,Хаалга', NULL, 73, 0, 0, 2),
(192, 1, 'Sprinter', 'Мотор багтаамж,Хурдны хайрцаг,Хүрд,Төрөл,Өнгө,Үйлдвэрлэсэн он,Орж ирсэн он,Хөдөлгүүр,Дотор өнгө,Лизинг,Хөтлөгч,Явсан,Нөхцөл,Хаалга', NULL, 73, 0, 0, 2),
(193, 1, 'Бусад', 'Мотор багтаамж,Хурдны хайрцаг,Хүрд,Төрөл,Өнгө,Үйлдвэрлэсэн он,Орж ирсэн он,Хөдөлгүүр,Дотор өнгө,Лизинг,Хөтлөгч,Явсан,Нөхцөл,Хаалга', NULL, 73, 0, 0, 2),
(194, 1, 'Бусад', 'Мотор багтаамж,Хурдны хайрцаг,Хүрд,Төрөл,Өнгө,Үйлдвэрлэсэн он,Орж ирсэн он,Хөдөлгүүр,Дотор өнгө,Лизинг,Хөтлөгч,Явсан,Нөхцөл,Хаалга', NULL, 74, 0, 0, 2),
(195, 1, 'Cooper', 'Мотор багтаамж,Хурдны хайрцаг,Хүрд,Төрөл,Өнгө,Үйлдвэрлэсэн он,Орж ирсэн он,Хөдөлгүүр,Дотор өнгө,Лизинг,Хөтлөгч,Явсан,Нөхцөл,Хаалга', NULL, 75, 0, 0, 2),
(196, 1, 'Countryman', 'Мотор багтаамж,Хурдны хайрцаг,Хүрд,Төрөл,Өнгө,Үйлдвэрлэсэн он,Орж ирсэн он,Хөдөлгүүр,Дотор өнгө,Лизинг,Хөтлөгч,Явсан,Нөхцөл,Хаалга', NULL, 75, 0, 0, 2),
(197, 1, 'Бусад', 'Мотор багтаамж,Хурдны хайрцаг,Хүрд,Төрөл,Өнгө,Үйлдвэрлэсэн он,Орж ирсэн он,Хөдөлгүүр,Дотор өнгө,Лизинг,Хөтлөгч,Явсан,Нөхцөл,Хаалга', NULL, 75, 0, 0, 2),
(198, 1, '3000GT', 'Мотор багтаамж,Хурдны хайрцаг,Хүрд,Төрөл,Өнгө,Үйлдвэрлэсэн он,Орж ирсэн он,Хөдөлгүүр,Дотор өнгө,Лизинг,Хөтлөгч,Явсан,Нөхцөл,Хаалга', NULL, 76, 0, 0, 2),
(199, 1, 'Airtrek', 'Мотор багтаамж,Хурдны хайрцаг,Хүрд,Төрөл,Өнгө,Үйлдвэрлэсэн он,Орж ирсэн он,Хөдөлгүүр,Дотор өнгө,Лизинг,Хөтлөгч,Явсан,Нөхцөл,Хаалга', NULL, 76, 0, 0, 2),
(200, 1, 'Challenger', 'Мотор багтаамж,Хурдны хайрцаг,Хүрд,Төрөл,Өнгө,Үйлдвэрлэсэн он,Орж ирсэн он,Хөдөлгүүр,Дотор өнгө,Лизинг,Хөтлөгч,Явсан,Нөхцөл,Хаалга', NULL, 76, 0, 0, 2),
(201, 1, 'Colt', 'Мотор багтаамж,Хурдны хайрцаг,Хүрд,Төрөл,Өнгө,Үйлдвэрлэсэн он,Орж ирсэн он,Хөдөлгүүр,Дотор өнгө,Лизинг,Хөтлөгч,Явсан,Нөхцөл,Хаалга', NULL, 76, 0, 0, 2),
(202, 1, 'Delica', 'Мотор багтаамж,Хурдны хайрцаг,Хүрд,Төрөл,Өнгө,Үйлдвэрлэсэн он,Орж ирсэн он,Хөдөлгүүр,Дотор өнгө,Лизинг,Хөтлөгч,Явсан,Нөхцөл,Хаалга', NULL, 76, 0, 0, 2),
(203, 1, 'Eclipse', 'Мотор багтаамж,Хурдны хайрцаг,Хүрд,Төрөл,Өнгө,Үйлдвэрлэсэн он,Орж ирсэн он,Хөдөлгүүр,Дотор өнгө,Лизинг,Хөтлөгч,Явсан,Нөхцөл,Хаалга', NULL, 76, 0, 0, 2),
(204, 1, 'Galant', 'Мотор багтаамж,Хурдны хайрцаг,Хүрд,Төрөл,Өнгө,Үйлдвэрлэсэн он,Орж ирсэн он,Хөдөлгүүр,Дотор өнгө,Лизинг,Хөтлөгч,Явсан,Нөхцөл,Хаалга', NULL, 76, 0, 0, 2),
(205, 1, 'L200', 'Мотор багтаамж,Хурдны хайрцаг,Хүрд,Төрөл,Өнгө,Үйлдвэрлэсэн он,Орж ирсэн он,Хөдөлгүүр,Дотор өнгө,Лизинг,Хөтлөгч,Явсан,Нөхцөл,Хаалга', NULL, 76, 0, 0, 2),
(206, 1, 'Lancer', 'Мотор багтаамж,Хурдны хайрцаг,Хүрд,Төрөл,Өнгө,Үйлдвэрлэсэн он,Орж ирсэн он,Хөдөлгүүр,Дотор өнгө,Лизинг,Хөтлөгч,Явсан,Нөхцөл,Хаалга', NULL, 76, 0, 0, 2),
(207, 1, 'Montero', 'Мотор багтаамж,Хурдны хайрцаг,Хүрд,Төрөл,Өнгө,Үйлдвэрлэсэн он,Орж ирсэн он,Хөдөлгүүр,Дотор өнгө,Лизинг,Хөтлөгч,Явсан,Нөхцөл,Хаалга', NULL, 76, 0, 0, 2),
(208, 1, 'Outlander', 'Мотор багтаамж,Хурдны хайрцаг,Хүрд,Төрөл,Өнгө,Үйлдвэрлэсэн он,Орж ирсэн он,Хөдөлгүүр,Дотор өнгө,Лизинг,Хөтлөгч,Явсан,Нөхцөл,Хаалга', NULL, 76, 0, 0, 2),
(209, 1, 'Pajero', 'Мотор багтаамж,Хурдны хайрцаг,Хүрд,Төрөл,Өнгө,Үйлдвэрлэсэн он,Орж ирсэн он,Хөдөлгүүр,Дотор өнгө,Лизинг,Хөтлөгч,Явсан,Нөхцөл,Хаалга', NULL, 76, 0, 0, 2),
(210, 1, 'Pickup', 'Мотор багтаамж,Хурдны хайрцаг,Хүрд,Төрөл,Өнгө,Үйлдвэрлэсэн он,Орж ирсэн он,Хөдөлгүүр,Дотор өнгө,Лизинг,Хөтлөгч,Явсан,Нөхцөл,Хаалга', NULL, 76, 0, 0, 2),
(211, 1, 'RVR', 'Мотор багтаамж,Хурдны хайрцаг,Хүрд,Төрөл,Өнгө,Үйлдвэрлэсэн он,Орж ирсэн он,Хөдөлгүүр,Дотор өнгө,Лизинг,Хөтлөгч,Явсан,Нөхцөл,Хаалга', NULL, 76, 0, 0, 2),
(212, 1, 'Бусад', 'Мотор багтаамж,Хурдны хайрцаг,Хүрд,Төрөл,Өнгө,Үйлдвэрлэсэн он,Орж ирсэн он,Хөдөлгүүр,Дотор өнгө,Лизинг,Хөтлөгч,Явсан,Нөхцөл,Хаалга', NULL, 76, 0, 0, 2),
(213, 1, '200SX', 'Мотор багтаамж,Хурдны хайрцаг,Хүрд,Төрөл,Өнгө,Үйлдвэрлэсэн он,Орж ирсэн он,Хөдөлгүүр,Дотор өнгө,Лизинг,Хөтлөгч,Явсан,Нөхцөл,Хаалга', NULL, 77, 0, 0, 2),
(214, 1, 'Advan', 'Мотор багтаамж,Хурдны хайрцаг,Хүрд,Төрөл,Өнгө,Үйлдвэрлэсэн он,Орж ирсэн он,Хөдөлгүүр,Дотор өнгө,Лизинг,Хөтлөгч,Явсан,Нөхцөл,Хаалга', NULL, 77, 0, 0, 2),
(215, 1, 'Altima', 'Мотор багтаамж,Хурдны хайрцаг,Хүрд,Төрөл,Өнгө,Үйлдвэрлэсэн он,Орж ирсэн он,Хөдөлгүүр,Дотор өнгө,Лизинг,Хөтлөгч,Явсан,Нөхцөл,Хаалга', NULL, 77, 0, 0, 2),
(216, 1, 'Armada', 'Мотор багтаамж,Хурдны хайрцаг,Хүрд,Төрөл,Өнгө,Үйлдвэрлэсэн он,Орж ирсэн он,Хөдөлгүүр,Дотор өнгө,Лизинг,Хөтлөгч,Явсан,Нөхцөл,Хаалга', NULL, 77, 0, 0, 2),
(217, 1, 'Bluebird', 'Мотор багтаамж,Хурдны хайрцаг,Хүрд,Төрөл,Өнгө,Үйлдвэрлэсэн он,Орж ирсэн он,Хөдөлгүүр,Дотор өнгө,Лизинг,Хөтлөгч,Явсан,Нөхцөл,Хаалга', NULL, 77, 0, 0, 2),
(218, 1, 'Caravan', 'Мотор багтаамж,Хурдны хайрцаг,Хүрд,Төрөл,Өнгө,Үйлдвэрлэсэн он,Орж ирсэн он,Хөдөлгүүр,Дотор өнгө,Лизинг,Хөтлөгч,Явсан,Нөхцөл,Хаалга', NULL, 77, 0, 0, 2),
(219, 1, 'Cube', 'Мотор багтаамж,Хурдны хайрцаг,Хүрд,Төрөл,Өнгө,Үйлдвэрлэсэн он,Орж ирсэн он,Хөдөлгүүр,Дотор өнгө,Лизинг,Хөтлөгч,Явсан,Нөхцөл,Хаалга', NULL, 77, 0, 0, 2),
(220, 1, 'Datsun', 'Мотор багтаамж,Хурдны хайрцаг,Хүрд,Төрөл,Өнгө,Үйлдвэрлэсэн он,Орж ирсэн он,Хөдөлгүүр,Дотор өнгө,Лизинг,Хөтлөгч,Явсан,Нөхцөл,Хаалга', NULL, 77, 0, 0, 2),
(221, 1, 'Dualis/Qashqai', 'Мотор багтаамж,Хурдны хайрцаг,Хүрд,Төрөл,Өнгө,Үйлдвэрлэсэн он,Орж ирсэн он,Хөдөлгүүр,Дотор өнгө,Лизинг,Хөтлөгч,Явсан,Нөхцөл,Хаалга', NULL, 77, 0, 0, 2),
(222, 1, 'Elgrand', 'Мотор багтаамж,Хурдны хайрцаг,Хүрд,Төрөл,Өнгө,Үйлдвэрлэсэн он,Орж ирсэн он,Хөдөлгүүр,Дотор өнгө,Лизинг,Хөтлөгч,Явсан,Нөхцөл,Хаалга', NULL, 77, 0, 0, 2),
(223, 1, 'Fuga', 'Мотор багтаамж,Хурдны хайрцаг,Хүрд,Төрөл,Өнгө,Үйлдвэрлэсэн он,Орж ирсэн он,Хөдөлгүүр,Дотор өнгө,Лизинг,Хөтлөгч,Явсан,Нөхцөл,Хаалга', NULL, 77, 0, 0, 2),
(224, 1, 'Juke', 'Мотор багтаамж,Хурдны хайрцаг,Хүрд,Төрөл,Өнгө,Үйлдвэрлэсэн он,Орж ирсэн он,Хөдөлгүүр,Дотор өнгө,Лизинг,Хөтлөгч,Явсан,Нөхцөл,Хаалга', NULL, 77, 0, 0, 2),
(225, 1, 'Latio', 'Мотор багтаамж,Хурдны хайрцаг,Хүрд,Төрөл,Өнгө,Үйлдвэрлэсэн он,Орж ирсэн он,Хөдөлгүүр,Дотор өнгө,Лизинг,Хөтлөгч,Явсан,Нөхцөл,Хаалга', NULL, 77, 0, 0, 2),
(226, 1, 'Leaf', 'Мотор багтаамж,Хурдны хайрцаг,Хүрд,Төрөл,Өнгө,Үйлдвэрлэсэн он,Орж ирсэн он,Хөдөлгүүр,Дотор өнгө,Лизинг,Хөтлөгч,Явсан,Нөхцөл,Хаалга', NULL, 77, 0, 0, 2),
(227, 1, 'Liberty', 'Мотор багтаамж,Хурдны хайрцаг,Хүрд,Төрөл,Өнгө,Үйлдвэрлэсэн он,Орж ирсэн он,Хөдөлгүүр,Дотор өнгө,Лизинг,Хөтлөгч,Явсан,Нөхцөл,Хаалга', NULL, 77, 0, 0, 2),
(228, 1, 'March', 'Мотор багтаамж,Хурдны хайрцаг,Хүрд,Төрөл,Өнгө,Үйлдвэрлэсэн он,Орж ирсэн он,Хөдөлгүүр,Дотор өнгө,Лизинг,Хөтлөгч,Явсан,Нөхцөл,Хаалга', NULL, 77, 0, 0, 2),
(229, 1, 'Maxima', 'Мотор багтаамж,Хурдны хайрцаг,Хүрд,Төрөл,Өнгө,Үйлдвэрлэсэн он,Орж ирсэн он,Хөдөлгүүр,Дотор өнгө,Лизинг,Хөтлөгч,Явсан,Нөхцөл,Хаалга', NULL, 77, 0, 0, 2),
(230, 1, 'Murano', 'Мотор багтаамж,Хурдны хайрцаг,Хүрд,Төрөл,Өнгө,Үйлдвэрлэсэн он,Орж ирсэн он,Хөдөлгүүр,Дотор өнгө,Лизинг,Хөтлөгч,Явсан,Нөхцөл,Хаалга', NULL, 77, 0, 0, 2),
(231, 1, 'Navara', 'Мотор багтаамж,Хурдны хайрцаг,Хүрд,Төрөл,Өнгө,Үйлдвэрлэсэн он,Орж ирсэн он,Хөдөлгүүр,Дотор өнгө,Лизинг,Хөтлөгч,Явсан,Нөхцөл,Хаалга', NULL, 77, 0, 0, 2),
(232, 1, 'Note', 'Мотор багтаамж,Хурдны хайрцаг,Хүрд,Төрөл,Өнгө,Үйлдвэрлэсэн он,Орж ирсэн он,Хөдөлгүүр,Дотор өнгө,Лизинг,Хөтлөгч,Явсан,Нөхцөл,Хаалга', NULL, 77, 0, 0, 2),
(233, 1, 'NV200', 'Мотор багтаамж,Хурдны хайрцаг,Хүрд,Төрөл,Өнгө,Үйлдвэрлэсэн он,Орж ирсэн он,Хөдөлгүүр,Дотор өнгө,Лизинг,Хөтлөгч,Явсан,Нөхцөл,Хаалга', NULL, 77, 0, 0, 2),
(234, 1, 'Pathfinder', 'Мотор багтаамж,Хурдны хайрцаг,Хүрд,Төрөл,Өнгө,Үйлдвэрлэсэн он,Орж ирсэн он,Хөдөлгүүр,Дотор өнгө,Лизинг,Хөтлөгч,Явсан,Нөхцөл,Хаалга', NULL, 77, 0, 0, 2),
(235, 1, 'Patrol', 'Мотор багтаамж,Хурдны хайрцаг,Хүрд,Төрөл,Өнгө,Үйлдвэрлэсэн он,Орж ирсэн он,Хөдөлгүүр,Дотор өнгө,Лизинг,Хөтлөгч,Явсан,Нөхцөл,Хаалга', NULL, 77, 0, 0, 2),
(236, 1, 'Presage', 'Мотор багтаамж,Хурдны хайрцаг,Хүрд,Төрөл,Өнгө,Үйлдвэрлэсэн он,Орж ирсэн он,Хөдөлгүүр,Дотор өнгө,Лизинг,Хөтлөгч,Явсан,Нөхцөл,Хаалга', NULL, 77, 0, 0, 2),
(237, 1, 'Quest', 'Мотор багтаамж,Хурдны хайрцаг,Хүрд,Төрөл,Өнгө,Үйлдвэрлэсэн он,Орж ирсэн он,Хөдөлгүүр,Дотор өнгө,Лизинг,Хөтлөгч,Явсан,Нөхцөл,Хаалга', NULL, 77, 0, 0, 2),
(238, 1, 'Serena', 'Мотор багтаамж,Хурдны хайрцаг,Хүрд,Төрөл,Өнгө,Үйлдвэрлэсэн он,Орж ирсэн он,Хөдөлгүүр,Дотор өнгө,Лизинг,Хөтлөгч,Явсан,Нөхцөл,Хаалга', NULL, 77, 0, 0, 2),
(239, 1, 'Skyline', 'Мотор багтаамж,Хурдны хайрцаг,Хүрд,Төрөл,Өнгө,Үйлдвэрлэсэн он,Орж ирсэн он,Хөдөлгүүр,Дотор өнгө,Лизинг,Хөтлөгч,Явсан,Нөхцөл,Хаалга', NULL, 77, 0, 0, 2),
(240, 1, 'Sunny', 'Мотор багтаамж,Хурдны хайрцаг,Хүрд,Төрөл,Өнгө,Үйлдвэрлэсэн он,Орж ирсэн он,Хөдөлгүүр,Дотор өнгө,Лизинг,Хөтлөгч,Явсан,Нөхцөл,Хаалга', NULL, 77, 0, 0, 2),
(241, 1, 'Sylphy', 'Мотор багтаамж,Хурдны хайрцаг,Хүрд,Төрөл,Өнгө,Үйлдвэрлэсэн он,Орж ирсэн он,Хөдөлгүүр,Дотор өнгө,Лизинг,Хөтлөгч,Явсан,Нөхцөл,Хаалга', NULL, 77, 0, 0, 2),
(242, 1, 'Teana', 'Мотор багтаамж,Хурдны хайрцаг,Хүрд,Төрөл,Өнгө,Үйлдвэрлэсэн он,Орж ирсэн он,Хөдөлгүүр,Дотор өнгө,Лизинг,Хөтлөгч,Явсан,Нөхцөл,Хаалга', NULL, 77, 0, 0, 2),
(243, 1, 'Terrano', 'Мотор багтаамж,Хурдны хайрцаг,Хүрд,Төрөл,Өнгө,Үйлдвэрлэсэн он,Орж ирсэн он,Хөдөлгүүр,Дотор өнгө,Лизинг,Хөтлөгч,Явсан,Нөхцөл,Хаалга', NULL, 77, 0, 0, 2),
(244, 1, 'Tiida', 'Мотор багтаамж,Хурдны хайрцаг,Хүрд,Төрөл,Өнгө,Үйлдвэрлэсэн он,Орж ирсэн он,Хөдөлгүүр,Дотор өнгө,Лизинг,Хөтлөгч,Явсан,Нөхцөл,Хаалга', NULL, 77, 0, 0, 2),
(245, 1, 'Titan', 'Мотор багтаамж,Хурдны хайрцаг,Хүрд,Төрөл,Өнгө,Үйлдвэрлэсэн он,Орж ирсэн он,Хөдөлгүүр,Дотор өнгө,Лизинг,Хөтлөгч,Явсан,Нөхцөл,Хаалга', NULL, 77, 0, 0, 2),
(246, 1, 'Vanette', 'Мотор багтаамж,Хурдны хайрцаг,Хүрд,Төрөл,Өнгө,Үйлдвэрлэсэн он,Орж ирсэн он,Хөдөлгүүр,Дотор өнгө,Лизинг,Хөтлөгч,Явсан,Нөхцөл,Хаалга', NULL, 77, 0, 0, 2),
(247, 1, 'Wingroad', 'Мотор багтаамж,Хурдны хайрцаг,Хүрд,Төрөл,Өнгө,Үйлдвэрлэсэн он,Орж ирсэн он,Хөдөлгүүр,Дотор өнгө,Лизинг,Хөтлөгч,Явсан,Нөхцөл,Хаалга', NULL, 77, 0, 0, 2),
(248, 1, 'Xterra', 'Мотор багтаамж,Хурдны хайрцаг,Хүрд,Төрөл,Өнгө,Үйлдвэрлэсэн он,Орж ирсэн он,Хөдөлгүүр,Дотор өнгө,Лизинг,Хөтлөгч,Явсан,Нөхцөл,Хаалга', NULL, 77, 0, 0, 2),
(249, 1, 'X-Trail', 'Мотор багтаамж,Хурдны хайрцаг,Хүрд,Төрөл,Өнгө,Үйлдвэрлэсэн он,Орж ирсэн он,Хөдөлгүүр,Дотор өнгө,Лизинг,Хөтлөгч,Явсан,Нөхцөл,Хаалга', NULL, 77, 0, 0, 2),
(250, 1, 'Бусад', 'Мотор багтаамж,Хурдны хайрцаг,Хүрд,Төрөл,Өнгө,Үйлдвэрлэсэн он,Орж ирсэн он,Хөдөлгүүр,Дотор өнгө,Лизинг,Хөтлөгч,Явсан,Нөхцөл,Хаалга', NULL, 77, 0, 0, 2),
(251, 1, 'Бусад', 'Мотор багтаамж,Хурдны хайрцаг,Хүрд,Төрөл,Өнгө,Үйлдвэрлэсэн он,Орж ирсэн он,Хөдөлгүүр,Дотор өнгө,Лизинг,Хөтлөгч,Явсан,Нөхцөл,Хаалга', NULL, 78, 0, 0, 2),
(252, 1, 'Бусад', 'Мотор багтаамж,Хурдны хайрцаг,Хүрд,Төрөл,Өнгө,Үйлдвэрлэсэн он,Орж ирсэн он,Хөдөлгүүр,Дотор өнгө,Лизинг,Хөтлөгч,Явсан,Нөхцөл,Хаалга', NULL, 80, 0, 0, 2),
(253, 1, 'Cayenne', 'Мотор багтаамж,Хурдны хайрцаг,Хүрд,Төрөл,Өнгө,Үйлдвэрлэсэн он,Орж ирсэн он,Хөдөлгүүр,Дотор өнгө,Лизинг,Хөтлөгч,Явсан,Нөхцөл,Хаалга', NULL, 81, 0, 0, 2),
(254, 1, 'Macan', 'Мотор багтаамж,Хурдны хайрцаг,Хүрд,Төрөл,Өнгө,Үйлдвэрлэсэн он,Орж ирсэн он,Хөдөлгүүр,Дотор өнгө,Лизинг,Хөтлөгч,Явсан,Нөхцөл,Хаалга', NULL, 81, 0, 0, 2),
(255, 1, 'Panamera', 'Мотор багтаамж,Хурдны хайрцаг,Хүрд,Төрөл,Өнгө,Үйлдвэрлэсэн он,Орж ирсэн он,Хөдөлгүүр,Дотор өнгө,Лизинг,Хөтлөгч,Явсан,Нөхцөл,Хаалга', NULL, 81, 0, 0, 2),
(256, 1, 'Boxster', 'Мотор багтаамж,Хурдны хайрцаг,Хүрд,Төрөл,Өнгө,Үйлдвэрлэсэн он,Орж ирсэн он,Хөдөлгүүр,Дотор өнгө,Лизинг,Хөтлөгч,Явсан,Нөхцөл,Хаалга', NULL, 81, 0, 0, 2),
(257, 1, 'Cayman', 'Мотор багтаамж,Хурдны хайрцаг,Хүрд,Төрөл,Өнгө,Үйлдвэрлэсэн он,Орж ирсэн он,Хөдөлгүүр,Дотор өнгө,Лизинг,Хөтлөгч,Явсан,Нөхцөл,Хаалга', NULL, 81, 0, 0, 2),
(258, 1, 'Бусад', 'Мотор багтаамж,Хурдны хайрцаг,Хүрд,Төрөл,Өнгө,Үйлдвэрлэсэн он,Орж ирсэн он,Хөдөлгүүр,Дотор өнгө,Лизинг,Хөтлөгч,Явсан,Нөхцөл,Хаалга', NULL, 81, 0, 0, 2),
(259, 1, 'Бусад', 'Мотор багтаамж,Хурдны хайрцаг,Хүрд,Төрөл,Өнгө,Үйлдвэрлэсэн он,Орж ирсэн он,Хөдөлгүүр,Дотор өнгө,Лизинг,Хөтлөгч,Явсан,Нөхцөл,Хаалга', NULL, 82, 0, 0, 2),
(260, 1, 'QM', 'Мотор багтаамж,Хурдны хайрцаг,Хүрд,Төрөл,Өнгө,Үйлдвэрлэсэн он,Орж ирсэн он,Хөдөлгүүр,Дотор өнгө,Лизинг,Хөтлөгч,Явсан,Нөхцөл,Хаалга', NULL, 83, 0, 0, 2),
(261, 1, 'SM', 'Мотор багтаамж,Хурдны хайрцаг,Хүрд,Төрөл,Өнгө,Үйлдвэрлэсэн он,Орж ирсэн он,Хөдөлгүүр,Дотор өнгө,Лизинг,Хөтлөгч,Явсан,Нөхцөл,Хаалга', NULL, 83, 0, 0, 2),
(262, 1, 'Korando', 'Мотор багтаамж,Хурдны хайрцаг,Хүрд,Төрөл,Өнгө,Үйлдвэрлэсэн он,Орж ирсэн он,Хөдөлгүүр,Дотор өнгө,Лизинг,Хөтлөгч,Явсан,Нөхцөл,Хаалга', NULL, 84, 0, 0, 2),
(263, 1, 'Musso', 'Мотор багтаамж,Хурдны хайрцаг,Хүрд,Төрөл,Өнгө,Үйлдвэрлэсэн он,Орж ирсэн он,Хөдөлгүүр,Дотор өнгө,Лизинг,Хөтлөгч,Явсан,Нөхцөл,Хаалга', NULL, 84, 0, 0, 2),
(264, 1, 'Rexton', 'Мотор багтаамж,Хурдны хайрцаг,Хүрд,Төрөл,Өнгө,Үйлдвэрлэсэн он,Орж ирсэн он,Хөдөлгүүр,Дотор өнгө,Лизинг,Хөтлөгч,Явсан,Нөхцөл,Хаалга', NULL, 84, 0, 0, 2),
(265, 1, 'Actyon', 'Мотор багтаамж,Хурдны хайрцаг,Хүрд,Төрөл,Өнгө,Үйлдвэрлэсэн он,Орж ирсэн он,Хөдөлгүүр,Дотор өнгө,Лизинг,Хөтлөгч,Явсан,Нөхцөл,Хаалга', NULL, 84, 0, 0, 2),
(266, 1, 'Istana', 'Мотор багтаамж,Хурдны хайрцаг,Хүрд,Төрөл,Өнгө,Үйлдвэрлэсэн он,Орж ирсэн он,Хөдөлгүүр,Дотор өнгө,Лизинг,Хөтлөгч,Явсан,Нөхцөл,Хаалга', NULL, 84, 0, 0, 2),
(267, 1, 'Rodius Stavic', 'Мотор багтаамж,Хурдны хайрцаг,Хүрд,Төрөл,Өнгө,Үйлдвэрлэсэн он,Орж ирсэн он,Хөдөлгүүр,Дотор өнгө,Лизинг,Хөтлөгч,Явсан,Нөхцөл,Хаалга', NULL, 84, 0, 0, 2),
(268, 1, 'Бусад', 'Мотор багтаамж,Хурдны хайрцаг,Хүрд,Төрөл,Өнгө,Үйлдвэрлэсэн он,Орж ирсэн он,Хөдөлгүүр,Дотор өнгө,Лизинг,Хөтлөгч,Явсан,Нөхцөл,Хаалга', NULL, 84, 0, 0, 2),
(269, 1, 'Бусад', 'Мотор багтаамж,Хурдны хайрцаг,Хүрд,Төрөл,Өнгө,Үйлдвэрлэсэн он,Орж ирсэн он,Хөдөлгүүр,Дотор өнгө,Лизинг,Хөтлөгч,Явсан,Нөхцөл,Хаалга', NULL, 85, 0, 0, 2),
(270, 1, 'BRZ', 'Мотор багтаамж,Хурдны хайрцаг,Хүрд,Төрөл,Өнгө,Үйлдвэрлэсэн он,Орж ирсэн он,Хөдөлгүүр,Дотор өнгө,Лизинг,Хөтлөгч,Явсан,Нөхцөл,Хаалга', NULL, 86, 0, 0, 2),
(271, 1, 'DL', 'Мотор багтаамж,Хурдны хайрцаг,Хүрд,Төрөл,Өнгө,Үйлдвэрлэсэн он,Орж ирсэн он,Хөдөлгүүр,Дотор өнгө,Лизинг,Хөтлөгч,Явсан,Нөхцөл,Хаалга', NULL, 86, 0, 0, 2),
(272, 1, 'Exiga', 'Мотор багтаамж,Хурдны хайрцаг,Хүрд,Төрөл,Өнгө,Үйлдвэрлэсэн он,Орж ирсэн он,Хөдөлгүүр,Дотор өнгө,Лизинг,Хөтлөгч,Явсан,Нөхцөл,Хаалга', NULL, 86, 0, 0, 2),
(273, 1, 'Forester', 'Мотор багтаамж,Хурдны хайрцаг,Хүрд,Төрөл,Өнгө,Үйлдвэрлэсэн он,Орж ирсэн он,Хөдөлгүүр,Дотор өнгө,Лизинг,Хөтлөгч,Явсан,Нөхцөл,Хаалга', NULL, 86, 0, 0, 2),
(274, 1, 'Impreza', 'Мотор багтаамж,Хурдны хайрцаг,Хүрд,Төрөл,Өнгө,Үйлдвэрлэсэн он,Орж ирсэн он,Хөдөлгүүр,Дотор өнгө,Лизинг,Хөтлөгч,Явсан,Нөхцөл,Хаалга', NULL, 86, 0, 0, 2),
(275, 1, 'Legacy', 'Мотор багтаамж,Хурдны хайрцаг,Хүрд,Төрөл,Өнгө,Үйлдвэрлэсэн он,Орж ирсэн он,Хөдөлгүүр,Дотор өнгө,Лизинг,Хөтлөгч,Явсан,Нөхцөл,Хаалга', NULL, 86, 0, 0, 2),
(276, 1, 'Liberty', 'Мотор багтаамж,Хурдны хайрцаг,Хүрд,Төрөл,Өнгө,Үйлдвэрлэсэн он,Орж ирсэн он,Хөдөлгүүр,Дотор өнгө,Лизинг,Хөтлөгч,Явсан,Нөхцөл,Хаалга', NULL, 86, 0, 0, 2),
(277, 1, 'Outback', 'Мотор багтаамж,Хурдны хайрцаг,Хүрд,Төрөл,Өнгө,Үйлдвэрлэсэн он,Орж ирсэн он,Хөдөлгүүр,Дотор өнгө,Лизинг,Хөтлөгч,Явсан,Нөхцөл,Хаалга', NULL, 86, 0, 0, 2),
(278, 1, 'Trezia', 'Мотор багтаамж,Хурдны хайрцаг,Хүрд,Төрөл,Өнгө,Үйлдвэрлэсэн он,Орж ирсэн он,Хөдөлгүүр,Дотор өнгө,Лизинг,Хөтлөгч,Явсан,Нөхцөл,Хаалга', NULL, 86, 0, 0, 2),
(279, 1, 'WRX STI', 'Мотор багтаамж,Хурдны хайрцаг,Хүрд,Төрөл,Өнгө,Үйлдвэрлэсэн он,Орж ирсэн он,Хөдөлгүүр,Дотор өнгө,Лизинг,Хөтлөгч,Явсан,Нөхцөл,Хаалга', NULL, 86, 0, 0, 2),
(280, 1, 'XT', 'Мотор багтаамж,Хурдны хайрцаг,Хүрд,Төрөл,Өнгө,Үйлдвэрлэсэн он,Орж ирсэн он,Хөдөлгүүр,Дотор өнгө,Лизинг,Хөтлөгч,Явсан,Нөхцөл,Хаалга', NULL, 86, 0, 0, 2),
(281, 1, 'XV Crosstrek', 'Мотор багтаамж,Хурдны хайрцаг,Хүрд,Төрөл,Өнгө,Үйлдвэрлэсэн он,Орж ирсэн он,Хөдөлгүүр,Дотор өнгө,Лизинг,Хөтлөгч,Явсан,Нөхцөл,Хаалга', NULL, 86, 0, 0, 2),
(282, 1, 'Бусад', 'Мотор багтаамж,Хурдны хайрцаг,Хүрд,Төрөл,Өнгө,Үйлдвэрлэсэн он,Орж ирсэн он,Хөдөлгүүр,Дотор өнгө,Лизинг,Хөтлөгч,Явсан,Нөхцөл,Хаалга', NULL, 86, 0, 0, 2),
(283, 1, 'Jimny', 'Мотор багтаамж,Хурдны хайрцаг,Хүрд,Төрөл,Өнгө,Үйлдвэрлэсэн он,Орж ирсэн он,Хөдөлгүүр,Дотор өнгө,Лизинг,Хөтлөгч,Явсан,Нөхцөл,Хаалга', NULL, 87, 0, 0, 2),
(284, 1, 'Escudo', 'Мотор багтаамж,Хурдны хайрцаг,Хүрд,Төрөл,Өнгө,Үйлдвэрлэсэн он,Орж ирсэн он,Хөдөлгүүр,Дотор өнгө,Лизинг,Хөтлөгч,Явсан,Нөхцөл,Хаалга', NULL, 87, 0, 0, 2),
(285, 1, 'Swift', 'Мотор багтаамж,Хурдны хайрцаг,Хүрд,Төрөл,Өнгө,Үйлдвэрлэсэн он,Орж ирсэн он,Хөдөлгүүр,Дотор өнгө,Лизинг,Хөтлөгч,Явсан,Нөхцөл,Хаалга', NULL, 87, 0, 0, 2),
(286, 1, 'Grand Vitara', 'Мотор багтаамж,Хурдны хайрцаг,Хүрд,Төрөл,Өнгө,Үйлдвэрлэсэн он,Орж ирсэн он,Хөдөлгүүр,Дотор өнгө,Лизинг,Хөтлөгч,Явсан,Нөхцөл,Хаалга', NULL, 87, 0, 0, 2),
(287, 1, 'SX4', 'Мотор багтаамж,Хурдны хайрцаг,Хүрд,Төрөл,Өнгө,Үйлдвэрлэсэн он,Орж ирсэн он,Хөдөлгүүр,Дотор өнгө,Лизинг,Хөтлөгч,Явсан,Нөхцөл,Хаалга', NULL, 87, 0, 0, 2),
(288, 1, 'Vitara', 'Мотор багтаамж,Хурдны хайрцаг,Хүрд,Төрөл,Өнгө,Үйлдвэрлэсэн он,Орж ирсэн он,Хөдөлгүүр,Дотор өнгө,Лизинг,Хөтлөгч,Явсан,Нөхцөл,Хаалга', NULL, 87, 0, 0, 2),
(289, 1, 'Бусад', 'Мотор багтаамж,Хурдны хайрцаг,Хүрд,Төрөл,Өнгө,Үйлдвэрлэсэн он,Орж ирсэн он,Хөдөлгүүр,Дотор өнгө,Лизинг,Хөтлөгч,Явсан,Нөхцөл,Хаалга', NULL, 87, 0, 0, 2),
(290, 1, '4Runner', 'Мотор багтаамж,Хурдны хайрцаг,Хүрд,Төрөл,Өнгө,Үйлдвэрлэсэн он,Орж ирсэн он,Хөдөлгүүр,Дотор өнгө,Лизинг,Хөтлөгч,Явсан,Нөхцөл,Хаалга', NULL, 88, 0, 0, 2),
(291, 1, 'Allex', 'Мотор багтаамж,Хурдны хайрцаг,Хүрд,Төрөл,Өнгө,Үйлдвэрлэсэн он,Орж ирсэн он,Хөдөлгүүр,Дотор өнгө,Лизинг,Хөтлөгч,Явсан,Нөхцөл,Хаалга', NULL, 88, 0, 0, 2),
(292, 1, 'Allion', 'Мотор багтаамж,Хурдны хайрцаг,Хүрд,Төрөл,Өнгө,Үйлдвэрлэсэн он,Орж ирсэн он,Хөдөлгүүр,Дотор өнгө,Лизинг,Хөтлөгч,Явсан,Нөхцөл,Хаалга', NULL, 88, 0, 0, 2),
(293, 1, 'Alphard', 'Мотор багтаамж,Хурдны хайрцаг,Хүрд,Төрөл,Өнгө,Үйлдвэрлэсэн он,Орж ирсэн он,Хөдөлгүүр,Дотор өнгө,Лизинг,Хөтлөгч,Явсан,Нөхцөл,Хаалга', NULL, 88, 0, 0, 2),
(294, 1, 'Aqua', 'Мотор багтаамж,Хурдны хайрцаг,Хүрд,Төрөл,Өнгө,Үйлдвэрлэсэн он,Орж ирсэн он,Хөдөлгүүр,Дотор өнгө,Лизинг,Хөтлөгч,Явсан,Нөхцөл,Хаалга', NULL, 88, 0, 0, 2);
INSERT INTO `category4` (`id`, `userID`, `title`, `words`, `icon`, `parent`, `status`, `category_viewer`, `active`) VALUES
(295, 1, 'Auris', 'Мотор багтаамж,Хурдны хайрцаг,Хүрд,Төрөл,Өнгө,Үйлдвэрлэсэн он,Орж ирсэн он,Хөдөлгүүр,Дотор өнгө,Лизинг,Хөтлөгч,Явсан,Нөхцөл,Хаалга', NULL, 88, 0, 0, 2),
(296, 1, 'Avensis', 'Мотор багтаамж,Хурдны хайрцаг,Хүрд,Төрөл,Өнгө,Үйлдвэрлэсэн он,Орж ирсэн он,Хөдөлгүүр,Дотор өнгө,Лизинг,Хөтлөгч,Явсан,Нөхцөл,Хаалга', NULL, 88, 0, 0, 2),
(297, 1, 'bB', 'Мотор багтаамж,Хурдны хайрцаг,Хүрд,Төрөл,Өнгө,Үйлдвэрлэсэн он,Орж ирсэн он,Хөдөлгүүр,Дотор өнгө,Лизинг,Хөтлөгч,Явсан,Нөхцөл,Хаалга', NULL, 88, 0, 0, 2),
(298, 1, 'Belta', 'Мотор багтаамж,Хурдны хайрцаг,Хүрд,Төрөл,Өнгө,Үйлдвэрлэсэн он,Орж ирсэн он,Хөдөлгүүр,Дотор өнгө,Лизинг,Хөтлөгч,Явсан,Нөхцөл,Хаалга', NULL, 88, 0, 0, 2),
(299, 1, 'Cami', 'Мотор багтаамж,Хурдны хайрцаг,Хүрд,Төрөл,Өнгө,Үйлдвэрлэсэн он,Орж ирсэн он,Хөдөлгүүр,Дотор өнгө,Лизинг,Хөтлөгч,Явсан,Нөхцөл,Хаалга', NULL, 88, 0, 0, 2),
(300, 1, 'Camry', 'Мотор багтаамж,Хурдны хайрцаг,Хүрд,Төрөл,Өнгө,Үйлдвэрлэсэн он,Орж ирсэн он,Хөдөлгүүр,Дотор өнгө,Лизинг,Хөтлөгч,Явсан,Нөхцөл,Хаалга', NULL, 88, 0, 0, 2),
(301, 1, 'Carina', 'Мотор багтаамж,Хурдны хайрцаг,Хүрд,Төрөл,Өнгө,Үйлдвэрлэсэн он,Орж ирсэн он,Хөдөлгүүр,Дотор өнгө,Лизинг,Хөтлөгч,Явсан,Нөхцөл,Хаалга', NULL, 88, 0, 0, 2),
(302, 1, 'Chaser', 'Мотор багтаамж,Хурдны хайрцаг,Хүрд,Төрөл,Өнгө,Үйлдвэрлэсэн он,Орж ирсэн он,Хөдөлгүүр,Дотор өнгө,Лизинг,Хөтлөгч,Явсан,Нөхцөл,Хаалга', NULL, 88, 0, 0, 2),
(303, 1, 'C-HR', 'Мотор багтаамж,Хурдны хайрцаг,Хүрд,Төрөл,Өнгө,Үйлдвэрлэсэн он,Орж ирсэн он,Хөдөлгүүр,Дотор өнгө,Лизинг,Хөтлөгч,Явсан,Нөхцөл,Хаалга', NULL, 88, 0, 0, 2),
(304, 1, 'Corolla', 'Мотор багтаамж,Хурдны хайрцаг,Хүрд,Төрөл,Өнгө,Үйлдвэрлэсэн он,Орж ирсэн он,Хөдөлгүүр,Дотор өнгө,Лизинг,Хөтлөгч,Явсан,Нөхцөл,Хаалга', NULL, 88, 0, 0, 2),
(305, 1, 'Corona', 'Мотор багтаамж,Хурдны хайрцаг,Хүрд,Төрөл,Өнгө,Үйлдвэрлэсэн он,Орж ирсэн он,Хөдөлгүүр,Дотор өнгө,Лизинг,Хөтлөгч,Явсан,Нөхцөл,Хаалга', NULL, 88, 0, 0, 2),
(306, 1, 'Cresta', 'Мотор багтаамж,Хурдны хайрцаг,Хүрд,Төрөл,Өнгө,Үйлдвэрлэсэн он,Орж ирсэн он,Хөдөлгүүр,Дотор өнгө,Лизинг,Хөтлөгч,Явсан,Нөхцөл,Хаалга', NULL, 88, 0, 0, 2),
(307, 1, 'Crown', 'Мотор багтаамж,Хурдны хайрцаг,Хүрд,Төрөл,Өнгө,Үйлдвэрлэсэн он,Орж ирсэн он,Хөдөлгүүр,Дотор өнгө,Лизинг,Хөтлөгч,Явсан,Нөхцөл,Хаалга', NULL, 88, 0, 0, 2),
(308, 1, 'Estima', 'Мотор багтаамж,Хурдны хайрцаг,Хүрд,Төрөл,Өнгө,Үйлдвэрлэсэн он,Орж ирсэн он,Хөдөлгүүр,Дотор өнгө,Лизинг,Хөтлөгч,Явсан,Нөхцөл,Хаалга', NULL, 88, 0, 0, 2),
(309, 1, 'FJ Cruiser', 'Мотор багтаамж,Хурдны хайрцаг,Хүрд,Төрөл,Өнгө,Үйлдвэрлэсэн он,Орж ирсэн он,Хөдөлгүүр,Дотор өнгө,Лизинг,Хөтлөгч,Явсан,Нөхцөл,Хаалга', NULL, 88, 0, 0, 2),
(310, 1, 'Fielder', 'Мотор багтаамж,Хурдны хайрцаг,Хүрд,Төрөл,Өнгө,Үйлдвэрлэсэн он,Орж ирсэн он,Хөдөлгүүр,Дотор өнгө,Лизинг,Хаяг байршил,Хөтлөгч,Явсан,Нөхцөл,Хаалга,Жолооч', NULL, 88, 0, 0, 2),
(311, 1, 'Fortuner', 'Мотор багтаамж,Хурдны хайрцаг,Хүрд,Төрөл,Өнгө,Үйлдвэрлэсэн он,Орж ирсэн он,Хөдөлгүүр,Дотор өнгө,Лизинг,Хөтлөгч,Явсан,Нөхцөл,Хаалга', NULL, 88, 0, 0, 2),
(312, 1, 'Funcargo', 'Мотор багтаамж,Хурдны хайрцаг,Хүрд,Төрөл,Өнгө,Үйлдвэрлэсэн он,Орж ирсэн он,Хөдөлгүүр,Дотор өнгө,Лизинг,Хөтлөгч,Явсан,Нөхцөл,Хаалга', NULL, 88, 0, 0, 2),
(313, 1, 'Gaia', 'Мотор багтаамж,Хурдны хайрцаг,Хүрд,Төрөл,Өнгө,Үйлдвэрлэсэн он,Орж ирсэн он,Хөдөлгүүр,Дотор өнгө,Лизинг,Хөтлөгч,Явсан,Нөхцөл,Хаалга', NULL, 88, 0, 0, 2),
(314, 1, 'Harrier', 'Мотор багтаамж,Хурдны хайрцаг,Хүрд,Төрөл,Өнгө,Үйлдвэрлэсэн он,Орж ирсэн он,Хөдөлгүүр,Дотор өнгө,Лизинг,Хөтлөгч,Явсан,Нөхцөл,Хаалга', NULL, 88, 0, 0, 2),
(315, 1, 'Highlander', 'Мотор багтаамж,Хурдны хайрцаг,Хүрд,Төрөл,Өнгө,Үйлдвэрлэсэн он,Орж ирсэн он,Хөдөлгүүр,Дотор өнгө,Лизинг,Хөтлөгч,Явсан,Нөхцөл,Хаалга', NULL, 88, 0, 0, 2),
(316, 1, 'Hiace', 'Мотор багтаамж,Хурдны хайрцаг,Хүрд,Төрөл,Өнгө,Үйлдвэрлэсэн он,Орж ирсэн он,Хөдөлгүүр,Дотор өнгө,Лизинг,Хөтлөгч,Явсан,Нөхцөл,Хаалга', NULL, 88, 0, 0, 2),
(317, 1, 'Hilux', 'Мотор багтаамж,Хурдны хайрцаг,Хүрд,Төрөл,Өнгө,Үйлдвэрлэсэн он,Орж ирсэн он,Хөдөлгүүр,Дотор өнгө,Лизинг,Хөтлөгч,Явсан,Нөхцөл,Хаалга', NULL, 88, 0, 0, 2),
(318, 1, 'Ipsum', 'Мотор багтаамж,Хурдны хайрцаг,Хүрд,Төрөл,Өнгө,Үйлдвэрлэсэн он,Орж ирсэн он,Хөдөлгүүр,Дотор өнгө,Лизинг,Хөтлөгч,Явсан,Нөхцөл,Хаалга', NULL, 88, 0, 0, 2),
(319, 1, 'Isis', 'Мотор багтаамж,Хурдны хайрцаг,Хүрд,Төрөл,Өнгө,Үйлдвэрлэсэн он,Орж ирсэн он,Хөдөлгүүр,Дотор өнгө,Лизинг,Хөтлөгч,Явсан,Нөхцөл,Хаалга', NULL, 88, 0, 0, 2),
(320, 1, 'Ist', 'Мотор багтаамж,Хурдны хайрцаг,Хүрд,Төрөл,Өнгө,Үйлдвэрлэсэн он,Орж ирсэн он,Хөдөлгүүр,Дотор өнгө,Лизинг,Хөтлөгч,Явсан,Нөхцөл,Хаалга', NULL, 88, 0, 0, 2),
(321, 1, 'Kluger', 'Мотор багтаамж,Хурдны хайрцаг,Хүрд,Төрөл,Өнгө,Үйлдвэрлэсэн он,Орж ирсэн он,Хөдөлгүүр,Дотор өнгө,Лизинг,Хөтлөгч,Явсан,Нөхцөл,Хаалга', NULL, 88, 0, 0, 2),
(322, 1, 'Land Cruiser 70', 'Мотор багтаамж,Хурдны хайрцаг,Хүрд,Төрөл,Өнгө,Үйлдвэрлэсэн он,Орж ирсэн он,Хөдөлгүүр,Дотор өнгө,Лизинг,Хөтлөгч,Явсан,Нөхцөл,Хаалга', NULL, 88, 0, 0, 2),
(323, 1, 'Land Cruiser 77', 'Мотор багтаамж,Хурдны хайрцаг,Хүрд,Төрөл,Өнгө,Үйлдвэрлэсэн он,Орж ирсэн он,Хөдөлгүүр,Дотор өнгө,Лизинг,Хөтлөгч,Явсан,Нөхцөл,Хаалга', NULL, 88, 0, 0, 2),
(324, 1, 'Land Cruiser 80', 'Мотор багтаамж,Хурдны хайрцаг,Хүрд,Төрөл,Өнгө,Үйлдвэрлэсэн он,Орж ирсэн он,Хөдөлгүүр,Дотор өнгө,Лизинг,Хөтлөгч,Явсан,Нөхцөл,Хаалга', NULL, 88, 0, 0, 2),
(325, 1, 'Land Cruiser 100', 'Мотор багтаамж,Хурдны хайрцаг,Хүрд,Төрөл,Өнгө,Үйлдвэрлэсэн он,Орж ирсэн он,Хөдөлгүүр,Дотор өнгө,Лизинг,Хөтлөгч,Явсан,Нөхцөл,Хаалга', NULL, 88, 0, 0, 2),
(326, 1, 'Land Cruiser 105', 'Мотор багтаамж,Хурдны хайрцаг,Хүрд,Төрөл,Өнгө,Үйлдвэрлэсэн он,Орж ирсэн он,Хөдөлгүүр,Дотор өнгө,Лизинг,Хөтлөгч,Явсан,Нөхцөл,Хаалга', NULL, 88, 0, 0, 2),
(327, 1, 'Land Cruiser 200', 'Мотор багтаамж,Хурдны хайрцаг,Хүрд,Төрөл,Өнгө,Үйлдвэрлэсэн он,Орж ирсэн он,Хөдөлгүүр,Дотор өнгө,Лизинг,Хөтлөгч,Явсан,Нөхцөл,Хаалга', NULL, 88, 0, 0, 2),
(328, 1, 'Land Cruiser 300', 'Мотор багтаамж,Хурдны хайрцаг,Хүрд,Төрөл,Өнгө,Үйлдвэрлэсэн он,Орж ирсэн он,Хөдөлгүүр,Дотор өнгө,Лизинг,Хөтлөгч,Явсан,Нөхцөл,Хаалга', NULL, 88, 0, 0, 2),
(329, 1, 'Land Cruiser Prado', 'Мотор багтаамж,Хурдны хайрцаг,Хүрд,Төрөл,Өнгө,Үйлдвэрлэсэн он,Орж ирсэн он,Хөдөлгүүр,Дотор өнгө,Лизинг,Хөтлөгч,Явсан,Нөхцөл,Хаалга', NULL, 88, 0, 0, 2),
(330, 1, 'Mark', 'Мотор багтаамж,Хурдны хайрцаг,Хүрд,Төрөл,Өнгө,Үйлдвэрлэсэн он,Орж ирсэн он,Хөдөлгүүр,Дотор өнгө,Лизинг,Хөтлөгч,Явсан,Нөхцөл,Хаалга', NULL, 88, 0, 0, 2),
(331, 1, 'MR2', 'Мотор багтаамж,Хурдны хайрцаг,Хүрд,Төрөл,Өнгө,Үйлдвэрлэсэн он,Орж ирсэн он,Хөдөлгүүр,Дотор өнгө,Лизинг,Хөтлөгч,Явсан,Нөхцөл,Хаалга', NULL, 88, 0, 0, 2),
(332, 1, 'Noah', 'Мотор багтаамж,Хурдны хайрцаг,Хүрд,Төрөл,Өнгө,Үйлдвэрлэсэн он,Орж ирсэн он,Хөдөлгүүр,Дотор өнгө,Лизинг,Хөтлөгч,Явсан,Нөхцөл,Хаалга', NULL, 88, 0, 0, 2),
(333, 1, 'Passo', 'Мотор багтаамж,Хурдны хайрцаг,Хүрд,Төрөл,Өнгө,Үйлдвэрлэсэн он,Орж ирсэн он,Хөдөлгүүр,Дотор өнгө,Лизинг,Хөтлөгч,Явсан,Нөхцөл,Хаалга', NULL, 88, 0, 0, 2),
(334, 1, 'Pickup', 'Мотор багтаамж,Хурдны хайрцаг,Хүрд,Төрөл,Өнгө,Үйлдвэрлэсэн он,Орж ирсэн он,Хөдөлгүүр,Дотор өнгө,Лизинг,Хөтлөгч,Явсан,Нөхцөл,Хаалга', NULL, 88, 0, 0, 2),
(335, 1, 'Platz', 'Мотор багтаамж,Хурдны хайрцаг,Хүрд,Төрөл,Өнгө,Үйлдвэрлэсэн он,Орж ирсэн он,Хөдөлгүүр,Дотор өнгө,Лизинг,Хөтлөгч,Явсан,Нөхцөл,Хаалга', NULL, 88, 0, 0, 2),
(336, 1, 'Premio', 'Мотор багтаамж,Хурдны хайрцаг,Хүрд,Төрөл,Өнгө,Үйлдвэрлэсэн он,Орж ирсэн он,Хөдөлгүүр,Дотор өнгө,Лизинг,Хөтлөгч,Явсан,Нөхцөл,Хаалга', NULL, 88, 0, 0, 2),
(337, 1, 'Prius 10, 11', 'Мотор багтаамж,Хурдны хайрцаг,Хүрд,Төрөл,Өнгө,Үйлдвэрлэсэн он,Орж ирсэн он,Хөдөлгүүр,Дотор өнгө,Лизинг,Хөтлөгч,Явсан,Нөхцөл,Хаалга', NULL, 88, 0, 0, 2),
(338, 1, 'Prius 20', 'Мотор багтаамж,Хурдны хайрцаг,Хүрд,Төрөл,Өнгө,Үйлдвэрлэсэн он,Орж ирсэн он,Хөдөлгүүр,Дотор өнгө,Лизинг,Хөтлөгч,Явсан,Нөхцөл,Хаалга', NULL, 88, 0, 0, 2),
(339, 1, 'Prius 30', 'Мотор багтаамж,Хурдны хайрцаг,Хүрд,Төрөл,Өнгө,Үйлдвэрлэсэн он,Орж ирсэн он,Хөдөлгүүр,Дотор өнгө,Лизинг,Хөтлөгч,Явсан,Нөхцөл,Хаалга', NULL, 88, 0, 0, 2),
(340, 1, 'Prius 40, 41', 'Мотор багтаамж,Хурдны хайрцаг,Хүрд,Төрөл,Өнгө,Үйлдвэрлэсэн он,Орж ирсэн он,Хөдөлгүүр,Дотор өнгө,Лизинг,Хөтлөгч,Явсан,Нөхцөл,Хаалга', NULL, 88, 0, 0, 2),
(341, 1, 'Prius 50', 'Мотор багтаамж,Хурдны хайрцаг,Хүрд,Төрөл,Өнгө,Үйлдвэрлэсэн он,Орж ирсэн он,Хөдөлгүүр,Дотор өнгө,Лизинг,Хөтлөгч,Явсан,Нөхцөл,Хаалга', NULL, 88, 0, 0, 2),
(342, 1, 'Probox', 'Мотор багтаамж,Хурдны хайрцаг,Хүрд,Төрөл,Өнгө,Үйлдвэрлэсэн он,Орж ирсэн он,Хөдөлгүүр,Дотор өнгө,Лизинг,Хөтлөгч,Явсан,Нөхцөл,Хаалга', NULL, 88, 0, 0, 2),
(343, 1, 'Raum', 'Мотор багтаамж,Хурдны хайрцаг,Хүрд,Төрөл,Өнгө,Үйлдвэрлэсэн он,Орж ирсэн он,Хөдөлгүүр,Дотор өнгө,Лизинг,Хөтлөгч,Явсан,Нөхцөл,Хаалга', NULL, 88, 0, 0, 2),
(344, 1, 'Ractis', 'Мотор багтаамж,Хурдны хайрцаг,Хүрд,Төрөл,Өнгө,Үйлдвэрлэсэн он,Орж ирсэн он,Хөдөлгүүр,Дотор өнгө,Лизинг,Хөтлөгч,Явсан,Нөхцөл,Хаалга', NULL, 88, 0, 0, 2),
(345, 1, 'RAV4', 'Мотор багтаамж,Хурдны хайрцаг,Хүрд,Төрөл,Өнгө,Үйлдвэрлэсэн он,Орж ирсэн он,Хөдөлгүүр,Дотор өнгө,Лизинг,Хөтлөгч,Явсан,Нөхцөл,Хаалга', NULL, 88, 0, 0, 2),
(346, 1, 'Rumion', 'Мотор багтаамж,Хурдны хайрцаг,Хүрд,Төрөл,Өнгө,Үйлдвэрлэсэн он,Орж ирсэн он,Хөдөлгүүр,Дотор өнгө,Лизинг,Хөтлөгч,Явсан,Нөхцөл,Хаалга', NULL, 88, 0, 0, 2),
(347, 1, 'Rush', 'Мотор багтаамж,Хурдны хайрцаг,Хүрд,Төрөл,Өнгө,Үйлдвэрлэсэн он,Орж ирсэн он,Хөдөлгүүр,Дотор өнгө,Лизинг,Хөтлөгч,Явсан,Нөхцөл,Хаалга', NULL, 88, 0, 0, 2),
(348, 1, 'Sai', 'Мотор багтаамж,Хурдны хайрцаг,Хүрд,Төрөл,Өнгө,Үйлдвэрлэсэн он,Орж ирсэн он,Хөдөлгүүр,Дотор өнгө,Лизинг,Хөтлөгч,Явсан,Нөхцөл,Хаалга', NULL, 88, 0, 0, 2),
(349, 1, 'Sequoia', 'Мотор багтаамж,Хурдны хайрцаг,Хүрд,Төрөл,Өнгө,Үйлдвэрлэсэн он,Орж ирсэн он,Хөдөлгүүр,Дотор өнгө,Лизинг,Хөтлөгч,Явсан,Нөхцөл,Хаалга', NULL, 88, 0, 0, 2),
(350, 1, 'Sienna', 'Мотор багтаамж,Хурдны хайрцаг,Хүрд,Төрөл,Өнгө,Үйлдвэрлэсэн он,Орж ирсэн он,Хөдөлгүүр,Дотор өнгө,Лизинг,Хөтлөгч,Явсан,Нөхцөл,Хаалга', NULL, 88, 0, 0, 2),
(351, 1, 'Sienta', 'Мотор багтаамж,Хурдны хайрцаг,Хүрд,Төрөл,Өнгө,Үйлдвэрлэсэн он,Орж ирсэн он,Хөдөлгүүр,Дотор өнгө,Лизинг,Хөтлөгч,Явсан,Нөхцөл,Хаалга', NULL, 88, 0, 0, 2),
(352, 1, 'Spacio', 'Мотор багтаамж,Хурдны хайрцаг,Хүрд,Төрөл,Өнгө,Үйлдвэрлэсэн он,Орж ирсэн он,Хөдөлгүүр,Дотор өнгө,Лизинг,Хөтлөгч,Явсан,Нөхцөл,Хаалга', NULL, 88, 0, 0, 2),
(353, 1, 'Spade Porte', 'Мотор багтаамж,Хурдны хайрцаг,Хүрд,Төрөл,Өнгө,Үйлдвэрлэсэн он,Орж ирсэн он,Хөдөлгүүр,Дотор өнгө,Лизинг,Хөтлөгч,Явсан,Нөхцөл,Хаалга', NULL, 88, 0, 0, 2),
(354, 1, 'Sprinter', 'Мотор багтаамж,Хурдны хайрцаг,Хүрд,Төрөл,Өнгө,Үйлдвэрлэсэн он,Орж ирсэн он,Хөдөлгүүр,Дотор өнгө,Лизинг,Хөтлөгч,Явсан,Нөхцөл,Хаалга', NULL, 88, 0, 0, 2),
(355, 1, 'Succeed', 'Мотор багтаамж,Хурдны хайрцаг,Хүрд,Төрөл,Өнгө,Үйлдвэрлэсэн он,Орж ирсэн он,Хөдөлгүүр,Дотор өнгө,Лизинг,Хөтлөгч,Явсан,Нөхцөл,Хаалга', NULL, 88, 0, 0, 2),
(356, 1, 'Tacoma', 'Мотор багтаамж,Хурдны хайрцаг,Хүрд,Төрөл,Өнгө,Үйлдвэрлэсэн он,Орж ирсэн он,Хөдөлгүүр,Дотор өнгө,Лизинг,Хөтлөгч,Явсан,Нөхцөл,Хаалга', NULL, 88, 0, 0, 2),
(357, 1, 'Townace', 'Мотор багтаамж,Хурдны хайрцаг,Хүрд,Төрөл,Өнгө,Үйлдвэрлэсэн он,Орж ирсэн он,Хөдөлгүүр,Дотор өнгө,Лизинг,Хөтлөгч,Явсан,Нөхцөл,Хаалга', NULL, 88, 0, 0, 2),
(358, 1, 'Tundra', 'Мотор багтаамж,Хурдны хайрцаг,Хүрд,Төрөл,Өнгө,Үйлдвэрлэсэн он,Орж ирсэн он,Хөдөлгүүр,Дотор өнгө,Лизинг,Хөтлөгч,Явсан,Нөхцөл,Хаалга', NULL, 88, 0, 0, 2),
(359, 1, 'Vanguard', 'Мотор багтаамж,Хурдны хайрцаг,Хүрд,Төрөл,Өнгө,Үйлдвэрлэсэн он,Орж ирсэн он,Хөдөлгүүр,Дотор өнгө,Лизинг,Хөтлөгч,Явсан,Нөхцөл,Хаалга', NULL, 88, 0, 0, 2),
(360, 1, 'Vellfire', 'Мотор багтаамж,Хурдны хайрцаг,Хүрд,Төрөл,Өнгө,Үйлдвэрлэсэн он,Орж ирсэн он,Хөдөлгүүр,Дотор өнгө,Лизинг,Хөтлөгч,Явсан,Нөхцөл,Хаалга', NULL, 88, 0, 0, 2),
(361, 1, 'Verossa', 'Мотор багтаамж,Хурдны хайрцаг,Хүрд,Төрөл,Өнгө,Үйлдвэрлэсэн он,Орж ирсэн он,Хөдөлгүүр,Дотор өнгө,Лизинг,Хөтлөгч,Явсан,Нөхцөл,Хаалга', NULL, 88, 0, 0, 2),
(362, 1, 'Vista', 'Мотор багтаамж,Хурдны хайрцаг,Хүрд,Төрөл,Өнгө,Үйлдвэрлэсэн он,Орж ирсэн он,Хөдөлгүүр,Дотор өнгө,Лизинг,Хөтлөгч,Явсан,Нөхцөл,Хаалга', NULL, 88, 0, 0, 2),
(363, 1, 'Vitz', 'Мотор багтаамж,Хурдны хайрцаг,Хүрд,Төрөл,Өнгө,Үйлдвэрлэсэн он,Орж ирсэн он,Хөдөлгүүр,Дотор өнгө,Лизинг,Хөтлөгч,Явсан,Нөхцөл,Хаалга', NULL, 88, 0, 0, 2),
(364, 1, 'Voxy', 'Мотор багтаамж,Хурдны хайрцаг,Хүрд,Төрөл,Өнгө,Үйлдвэрлэсэн он,Орж ирсэн он,Хөдөлгүүр,Дотор өнгө,Лизинг,Хөтлөгч,Явсан,Нөхцөл,Хаалга', NULL, 88, 0, 0, 2),
(365, 1, 'Will', 'Мотор багтаамж,Хурдны хайрцаг,Хүрд,Төрөл,Өнгө,Үйлдвэрлэсэн он,Орж ирсэн он,Хөдөлгүүр,Дотор өнгө,Лизинг,Хөтлөгч,Явсан,Нөхцөл,Хаалга', NULL, 88, 0, 0, 2),
(366, 1, 'Wish', 'Мотор багтаамж,Хурдны хайрцаг,Хүрд,Төрөл,Өнгө,Үйлдвэрлэсэн он,Орж ирсэн он,Хөдөлгүүр,Дотор өнгө,Лизинг,Хөтлөгч,Явсан,Нөхцөл,Хаалга', NULL, 88, 0, 0, 2),
(367, 1, 'Бусад', 'Мотор багтаамж,Хурдны хайрцаг,Хүрд,Төрөл,Өнгө,Үйлдвэрлэсэн он,Орж ирсэн он,Хөдөлгүүр,Дотор өнгө,Лизинг,Хөтлөгч,Явсан,Нөхцөл,Хаалга', NULL, 88, 0, 0, 2),
(368, 1, 'Beetle', 'Мотор багтаамж,Хурдны хайрцаг,Хүрд,Төрөл,Өнгө,Үйлдвэрлэсэн он,Орж ирсэн он,Хөдөлгүүр,Дотор өнгө,Лизинг,Хөтлөгч,Явсан,Нөхцөл,Хаалга', NULL, 89, 0, 0, 2),
(369, 1, 'Golf', 'Мотор багтаамж,Хурдны хайрцаг,Хүрд,Төрөл,Өнгө,Үйлдвэрлэсэн он,Орж ирсэн он,Хөдөлгүүр,Дотор өнгө,Лизинг,Хөтлөгч,Явсан,Нөхцөл,Хаалга', NULL, 89, 0, 0, 2),
(370, 1, 'Jetta', 'Мотор багтаамж,Хурдны хайрцаг,Хүрд,Төрөл,Өнгө,Үйлдвэрлэсэн он,Орж ирсэн он,Хөдөлгүүр,Дотор өнгө,Лизинг,Хөтлөгч,Явсан,Нөхцөл,Хаалга', NULL, 89, 0, 0, 2),
(371, 1, 'Microbus', 'Мотор багтаамж,Хурдны хайрцаг,Хүрд,Төрөл,Өнгө,Үйлдвэрлэсэн он,Орж ирсэн он,Хөдөлгүүр,Дотор өнгө,Лизинг,Хөтлөгч,Явсан,Нөхцөл,Хаалга', NULL, 89, 0, 0, 2),
(372, 1, 'Passat', 'Мотор багтаамж,Хурдны хайрцаг,Хүрд,Төрөл,Өнгө,Үйлдвэрлэсэн он,Орж ирсэн он,Хөдөлгүүр,Дотор өнгө,Лизинг,Хөтлөгч,Явсан,Нөхцөл,Хаалга', NULL, 89, 0, 0, 2),
(373, 1, 'Polo', 'Мотор багтаамж,Хурдны хайрцаг,Хүрд,Төрөл,Өнгө,Үйлдвэрлэсэн он,Орж ирсэн он,Хөдөлгүүр,Дотор өнгө,Лизинг,Хөтлөгч,Явсан,Нөхцөл,Хаалга', NULL, 89, 0, 0, 2),
(374, 1, 'Scirocco', 'Мотор багтаамж,Хурдны хайрцаг,Хүрд,Төрөл,Өнгө,Үйлдвэрлэсэн он,Орж ирсэн он,Хөдөлгүүр,Дотор өнгө,Лизинг,Хөтлөгч,Явсан,Нөхцөл,Хаалга', NULL, 89, 0, 0, 2),
(375, 1, 'Tiguan', 'Мотор багтаамж,Хурдны хайрцаг,Хүрд,Төрөл,Өнгө,Үйлдвэрлэсэн он,Орж ирсэн он,Хөдөлгүүр,Дотор өнгө,Лизинг,Хөтлөгч,Явсан,Нөхцөл,Хаалга', NULL, 89, 0, 0, 2),
(376, 1, 'Touareg', 'Мотор багтаамж,Хурдны хайрцаг,Хүрд,Төрөл,Өнгө,Үйлдвэрлэсэн он,Орж ирсэн он,Хөдөлгүүр,Дотор өнгө,Лизинг,Хөтлөгч,Явсан,Нөхцөл,Хаалга', NULL, 89, 0, 0, 2),
(377, 1, 'Touran', 'Мотор багтаамж,Хурдны хайрцаг,Хүрд,Төрөл,Өнгө,Үйлдвэрлэсэн он,Орж ирсэн он,Хөдөлгүүр,Дотор өнгө,Лизинг,Хөтлөгч,Явсан,Нөхцөл,Хаалга', NULL, 89, 0, 0, 2),
(378, 1, 'Up', 'Мотор багтаамж,Хурдны хайрцаг,Хүрд,Төрөл,Өнгө,Үйлдвэрлэсэн он,Орж ирсэн он,Хөдөлгүүр,Дотор өнгө,Лизинг,Хөтлөгч,Явсан,Нөхцөл,Хаалга', NULL, 89, 0, 0, 2),
(379, 1, 'Бусад', 'Мотор багтаамж,Хурдны хайрцаг,Хүрд,Төрөл,Өнгө,Үйлдвэрлэсэн он,Орж ирсэн он,Хөдөлгүүр,Дотор өнгө,Лизинг,Хөтлөгч,Явсан,Нөхцөл,Хаалга', NULL, 89, 0, 0, 2),
(380, 1, 'XC90', 'Мотор багтаамж,Хурдны хайрцаг,Хүрд,Төрөл,Өнгө,Үйлдвэрлэсэн он,Орж ирсэн он,Хөдөлгүүр,Дотор өнгө,Лизинг,Хөтлөгч,Явсан,Нөхцөл,Хаалга', NULL, 90, 0, 0, 2),
(381, 1, 'S60', 'Мотор багтаамж,Хурдны хайрцаг,Хүрд,Төрөл,Өнгө,Үйлдвэрлэсэн он,Орж ирсэн он,Хөдөлгүүр,Дотор өнгө,Лизинг,Хөтлөгч,Явсан,Нөхцөл,Хаалга', NULL, 90, 0, 0, 2),
(382, 1, 'Бусад', 'Мотор багтаамж,Хурдны хайрцаг,Хүрд,Төрөл,Өнгө,Үйлдвэрлэсэн он,Орж ирсэн он,Хөдөлгүүр,Дотор өнгө,Лизинг,Хөтлөгч,Явсан,Нөхцөл,Хаалга', NULL, 90, 0, 0, 2),
(383, 1, 'Audi', 'Төрөл', NULL, 92, 0, 0, 2),
(384, 1, 'BMW', 'Төрөл', NULL, 92, 0, 0, 2),
(385, 1, 'Chrysler', 'Төрөл', NULL, 92, 0, 0, 2),
(386, 1, 'Daewoo', 'Төрөл', NULL, 92, 0, 0, 2),
(387, 1, 'Ford', 'Төрөл', NULL, 92, 0, 0, 2),
(388, 1, 'General Motors', 'Төрөл', NULL, 92, 0, 0, 2),
(389, 1, 'Honda, Acura', 'Төрөл', NULL, 92, 0, 0, 2),
(390, 1, 'Hyundai', 'Төрөл', NULL, 92, 0, 0, 2),
(391, 1, 'Isuzu', 'Төрөл', NULL, 92, 0, 0, 2),
(392, 1, 'Kia', 'Төрөл', NULL, 92, 0, 0, 2),
(393, 1, 'Land Rover', 'Төрөл', NULL, 92, 0, 0, 2),
(394, 1, 'Lexus', 'Төрөл', NULL, 92, 0, 0, 2),
(395, 1, 'Mazda', 'Төрөл', NULL, 92, 0, 0, 2),
(396, 1, 'Mercedes-Benz', 'Төрөл', NULL, 92, 0, 0, 2),
(397, 1, 'Mitsubishi', 'Төрөл', NULL, 92, 0, 0, 2),
(398, 1, 'Nissan, Infiniti', 'Төрөл', NULL, 92, 0, 0, 2),
(399, 1, 'Орос', 'Төрөл', NULL, 92, 0, 0, 2),
(400, 1, 'Subaru', 'Төрөл', NULL, 92, 0, 0, 2),
(401, 1, 'Suzuki', 'Төрөл', NULL, 92, 0, 0, 2),
(402, 1, 'SsangYong', 'Төрөл', NULL, 92, 0, 0, 2),
(403, 1, 'Toyota', 'Төрөл', NULL, 92, 0, 0, 2),
(404, 1, 'Volkswagen', 'Төрөл', NULL, 92, 0, 0, 2),
(405, 1, 'Ачааны машин', 'Төрөл', NULL, 92, 0, 0, 2),
(406, 1, 'Автобус', 'Төрөл', NULL, 92, 0, 0, 2),
(407, 1, 'Хүнд механизм', 'Төрөл', NULL, 92, 0, 0, 2),
(408, 1, 'Бусад', 'Төрөл', NULL, 92, 0, 0, 2),
(409, 1, 'Багаж', '', NULL, 94, 0, 0, 2),
(410, 1, 'Хучлага, бүрээс, шалавч', '', NULL, 94, 0, 0, 2),
(411, 1, 'Чимэглэл', '', NULL, 94, 0, 0, 2),
(412, 1, 'Цэвэрлэгээний материал', '', NULL, 94, 0, 0, 2),
(413, 1, 'Хөгжим, цахилгаан хэрэгсэл', '', NULL, 94, 0, 0, 2),
(414, 1, 'Бусад', '', NULL, 94, 0, 0, 2),
(415, 1, 'Гэрэлтүүлэг', '', NULL, 94, 0, 0, 2),
(416, 1, 'Дохиолол, хар хайрцаг, GPS', '', NULL, 94, 0, 0, 2),
(417, 1, 'Daewoo', 'Зориулалт,Хөтлөгч,Үйлдвэрлэсэн он,Үйлдвэрлэсэн улс,Лизинг,Хөдөлгүүрийн багтаамж,Даац', NULL, 99, 0, 0, 2),
(418, 1, 'Ford', 'Зориулалт,Хөтлөгч,Үйлдвэрлэсэн он,Үйлдвэрлэсэн улс,Лизинг,Хөдөлгүүрийн багтаамж,Даац', NULL, 99, 0, 0, 2),
(419, 1, 'Hyundai', 'Зориулалт,Хөтлөгч,Үйлдвэрлэсэн он,Үйлдвэрлэсэн улс,Лизинг,Хөдөлгүүрийн багтаамж,Даац', NULL, 99, 0, 0, 2),
(420, 1, 'Mitsubishi', 'Зориулалт,Хөтлөгч,Үйлдвэрлэсэн он,Үйлдвэрлэсэн улс,Лизинг,Хөдөлгүүрийн багтаамж,Даац', NULL, 99, 0, 0, 2),
(421, 1, 'Nissan', 'Зориулалт,Хөтлөгч,Үйлдвэрлэсэн он,Үйлдвэрлэсэн улс,Лизинг,Хөдөлгүүрийн багтаамж,Даац', NULL, 99, 0, 0, 2),
(422, 1, 'Yutong', 'Зориулалт,Хөтлөгч,Үйлдвэрлэсэн он,Үйлдвэрлэсэн улс,Лизинг,Хөдөлгүүрийн багтаамж,Даац', NULL, 99, 0, 0, 2),
(423, 1, 'Бусад', 'Зориулалт,Хөтлөгч,Үйлдвэрлэсэн он,Үйлдвэрлэсэн улс,Лизинг,Хөдөлгүүрийн багтаамж,Даац', NULL, 99, 0, 0, 2),
(424, 1, 'Isuzu', 'Зориулалт,Хөтлөгч,Үйлдвэрлэсэн он,Үйлдвэрлэсэн улс,Лизинг,Хөдөлгүүрийн багтаамж,Даац', NULL, 99, 0, 0, 2),
(425, 1, 'Kia', 'Зориулалт,Хөтлөгч,Үйлдвэрлэсэн он,Үйлдвэрлэсэн улс,Лизинг,Хөдөлгүүрийн багтаамж,Даац', NULL, 99, 0, 0, 2),
(426, 1, 'Mercedes-Benz', 'Зориулалт,Хөтлөгч,Үйлдвэрлэсэн он,Үйлдвэрлэсэн улс,Лизинг,Хөдөлгүүрийн багтаамж,Даац', NULL, 99, 0, 0, 2),
(427, 1, 'Daewoo', 'Төрөл,Үйлдвэрлэсэн он,Лизинг,Хөтлөгч,Нөхцөл,Үйлдвэрлэсэн улс,Хөдөлгүүрийн багтаамж,Даац', NULL, 100, 0, 0, 2),
(428, 1, 'DAF', 'Төрөл,Үйлдвэрлэсэн он,Лизинг,Хөтлөгч,Нөхцөл,Үйлдвэрлэсэн улс,Хөдөлгүүрийн багтаамж,Даац', NULL, 100, 0, 0, 2),
(429, 1, 'Ford', 'Төрөл,Үйлдвэрлэсэн он,Лизинг,Хөтлөгч,Нөхцөл,Үйлдвэрлэсэн улс,Хөдөлгүүрийн багтаамж,Даац', NULL, 100, 0, 0, 2),
(430, 1, 'FAW', 'Төрөл,Үйлдвэрлэсэн он,Лизинг,Хөтлөгч,Нөхцөл,Үйлдвэрлэсэн улс,Хөдөлгүүрийн багтаамж,Даац', NULL, 100, 0, 0, 2),
(431, 1, 'Dongfeng', 'Төрөл,Үйлдвэрлэсэн он,Лизинг,Хөтлөгч,Нөхцөл,Үйлдвэрлэсэн улс,Хөдөлгүүрийн багтаамж,Даац', NULL, 100, 0, 0, 2),
(432, 1, 'Hino', 'Төрөл,Үйлдвэрлэсэн он,Лизинг,Хөтлөгч,Нөхцөл,Үйлдвэрлэсэн улс,Хөдөлгүүрийн багтаамж,Даац', NULL, 100, 0, 0, 2),
(433, 1, 'Daihatsu', 'Төрөл,Үйлдвэрлэсэн он,Лизинг,Хөтлөгч,Нөхцөл,Үйлдвэрлэсэн улс,Хөдөлгүүрийн багтаамж,Даац', NULL, 100, 0, 0, 2),
(434, 1, 'Hyundai', 'Төрөл,Үйлдвэрлэсэн он,Лизинг,Хөтлөгч,Нөхцөл,Үйлдвэрлэсэн улс,Хөдөлгүүрийн багтаамж,Даац', NULL, 100, 0, 0, 2),
(435, 1, 'Isuzu', 'Төрөл,Үйлдвэрлэсэн он,Лизинг,Хөтлөгч,Нөхцөл,Үйлдвэрлэсэн улс,Хөдөлгүүрийн багтаамж,Даац', NULL, 100, 0, 0, 2),
(436, 1, 'Kamaz', 'Төрөл,Үйлдвэрлэсэн он,Лизинг,Хөтлөгч,Нөхцөл,Үйлдвэрлэсэн улс,Хөдөлгүүрийн багтаамж,Даац', NULL, 100, 0, 0, 2),
(437, 1, 'Foton', 'Төрөл,Үйлдвэрлэсэн он,Лизинг,Хөтлөгч,Нөхцөл,Үйлдвэрлэсэн улс,Хөдөлгүүрийн багтаамж,Даац', NULL, 100, 0, 0, 2),
(438, 1, 'Honda', 'Төрөл,Үйлдвэрлэсэн он,Лизинг,Хөтлөгч,Нөхцөл,Үйлдвэрлэсэн улс,Хөдөлгүүрийн багтаамж,Даац', NULL, 100, 0, 0, 2),
(439, 1, 'Kia', 'Төрөл,Үйлдвэрлэсэн он,Лизинг,Хөтлөгч,Нөхцөл,Үйлдвэрлэсэн улс,Хөдөлгүүрийн багтаамж,Даац', NULL, 100, 0, 0, 2),
(440, 1, 'Mazda', 'Төрөл,Үйлдвэрлэсэн он,Лизинг,Хөтлөгч,Нөхцөл,Үйлдвэрлэсэн улс,Хөдөлгүүрийн багтаамж,Даац', NULL, 100, 0, 0, 2),
(441, 1, 'Mercedes-Benz', 'Төрөл,Үйлдвэрлэсэн он,Лизинг,Хөтлөгч,Нөхцөл,Үйлдвэрлэсэн улс,Хөдөлгүүрийн багтаамж,Даац', NULL, 100, 0, 0, 2),
(442, 1, 'Mitsubishi', 'Төрөл,Үйлдвэрлэсэн он,Лизинг,Хөтлөгч,Нөхцөл,Үйлдвэрлэсэн улс,Хөдөлгүүрийн багтаамж,Даац', NULL, 100, 0, 0, 2),
(443, 1, 'Renault', 'Төрөл,Үйлдвэрлэсэн он,Лизинг,Хөтлөгч,Нөхцөл,Үйлдвэрлэсэн улс,Хөдөлгүүрийн багтаамж,Даац', NULL, 100, 0, 0, 2),
(444, 1, 'Ssangyong', 'Төрөл,Үйлдвэрлэсэн он,Лизинг,Хөтлөгч,Нөхцөл,Үйлдвэрлэсэн улс,Хөдөлгүүрийн багтаамж,Даац', NULL, 100, 0, 0, 2),
(445, 1, 'Subaru', 'Төрөл,Үйлдвэрлэсэн он,Лизинг,Хөтлөгч,Нөхцөл,Үйлдвэрлэсэн улс,Хөдөлгүүрийн багтаамж,Даац', NULL, 100, 0, 0, 2),
(446, 1, 'Suzuki', 'Төрөл,Үйлдвэрлэсэн он,Лизинг,Хөтлөгч,Нөхцөл,Үйлдвэрлэсэн улс,Хөдөлгүүрийн багтаамж,Даац', NULL, 100, 0, 0, 2),
(447, 1, 'Toyota', 'Төрөл,Үйлдвэрлэсэн он,Лизинг,Хөтлөгч,Нөхцөл,Үйлдвэрлэсэн улс,Хөдөлгүүрийн багтаамж,Даац', NULL, 100, 0, 0, 2),
(448, 1, 'Volvo', 'Төрөл,Үйлдвэрлэсэн он,Лизинг,Хөтлөгч,Нөхцөл,Үйлдвэрлэсэн улс,Хөдөлгүүрийн багтаамж,Даац', NULL, 100, 0, 0, 2),
(449, 1, 'ЗИЛ', 'Төрөл,Үйлдвэрлэсэн он,Лизинг,Хөтлөгч,Нөхцөл,Үйлдвэрлэсэн улс,Хөдөлгүүрийн багтаамж,Даац', NULL, 100, 0, 0, 2),
(450, 1, 'Nissan', 'Төрөл,Үйлдвэрлэсэн он,Лизинг,Хөтлөгч,Нөхцөл,Үйлдвэрлэсэн улс,Хөдөлгүүрийн багтаамж,Даац', NULL, 100, 0, 0, 2),
(451, 1, 'Бусад', 'Төрөл,Үйлдвэрлэсэн он,Лизинг,Хөтлөгч,Нөхцөл,Үйлдвэрлэсэн улс,Хөдөлгүүрийн багтаамж,Даац', NULL, 100, 0, 0, 2),
(452, 1, 'Atlas Copco', 'Зориулалт,Үйлдвэрлэсэн он,Нөхцөл,Үйлдвэрлэсэн улс,Лизинг', NULL, 101, 0, 0, 2),
(453, 1, 'Bobcat', 'Зориулалт,Үйлдвэрлэсэн он,Нөхцөл,Үйлдвэрлэсэн улс,Лизинг', NULL, 101, 0, 0, 2),
(454, 1, 'Doosan', 'Зориулалт,Үйлдвэрлэсэн он,Нөхцөл,Үйлдвэрлэсэн улс,Лизинг', NULL, 101, 0, 0, 2),
(455, 1, 'Belarus', 'Зориулалт,Үйлдвэрлэсэн он,Нөхцөл,Үйлдвэрлэсэн улс,Лизинг', NULL, 101, 0, 0, 2),
(456, 1, 'Dongfeng', 'Зориулалт,Үйлдвэрлэсэн он,Нөхцөл,Үйлдвэрлэсэн улс,Лизинг', NULL, 101, 0, 0, 2),
(457, 1, 'FAW', 'Зориулалт,Үйлдвэрлэсэн он,Нөхцөл,Үйлдвэрлэсэн улс,Лизинг', NULL, 101, 0, 0, 2),
(458, 1, 'Foton', 'Зориулалт,Үйлдвэрлэсэн он,Нөхцөл,Үйлдвэрлэсэн улс,Лизинг', NULL, 101, 0, 0, 2),
(459, 1, 'Hino', 'Зориулалт,Үйлдвэрлэсэн он,Нөхцөл,Үйлдвэрлэсэн улс,Лизинг', NULL, 101, 0, 0, 2),
(460, 1, 'Hitachi', 'Зориулалт,Үйлдвэрлэсэн он,Нөхцөл,Үйлдвэрлэсэн улс,Лизинг', NULL, 101, 0, 0, 2),
(461, 1, 'Hyundai', 'Зориулалт,Үйлдвэрлэсэн он,Нөхцөл,Үйлдвэрлэсэн улс,Лизинг', NULL, 101, 0, 0, 2),
(462, 1, 'Isuzu', 'Зориулалт,Үйлдвэрлэсэн он,Нөхцөл,Үйлдвэрлэсэн улс,Лизинг', NULL, 101, 0, 0, 2),
(463, 1, 'Kamaz', 'Зориулалт,Үйлдвэрлэсэн он,Нөхцөл,Үйлдвэрлэсэн улс,Лизинг', NULL, 101, 0, 0, 2),
(464, 1, 'Komatsu', 'Зориулалт,Үйлдвэрлэсэн он,Нөхцөл,Үйлдвэрлэсэн улс,Лизинг', NULL, 101, 0, 0, 2),
(465, 1, 'Caterpillar', 'Зориулалт,Үйлдвэрлэсэн он,Нөхцөл,Үйлдвэрлэсэн улс,Лизинг', NULL, 101, 0, 0, 2),
(466, 1, 'Liebherr', 'Зориулалт,Үйлдвэрлэсэн он,Нөхцөл,Үйлдвэрлэсэн улс,Лизинг', NULL, 101, 0, 0, 2),
(467, 1, 'Daewoo', 'Зориулалт,Үйлдвэрлэсэн он,Нөхцөл,Үйлдвэрлэсэн улс,Лизинг', NULL, 101, 0, 0, 2),
(468, 1, 'Dayun', 'Зориулалт,Үйлдвэрлэсэн он,Нөхцөл,Үйлдвэрлэсэн улс,Лизинг', NULL, 101, 0, 0, 2),
(469, 1, 'Kia', 'Зориулалт,Үйлдвэрлэсэн он,Нөхцөл,Үйлдвэрлэсэн улс,Лизинг', NULL, 101, 0, 0, 2),
(470, 1, 'Liugong', 'Зориулалт,Үйлдвэрлэсэн он,Нөхцөл,Үйлдвэрлэсэн улс,Лизинг', NULL, 101, 0, 0, 2),
(471, 1, 'MAZ', 'Зориулалт,Үйлдвэрлэсэн он,Нөхцөл,Үйлдвэрлэсэн улс,Лизинг', NULL, 101, 0, 0, 2),
(472, 1, 'Mercedes-Benz', 'Зориулалт,Үйлдвэрлэсэн он,Нөхцөл,Үйлдвэрлэсэн улс,Лизинг', NULL, 101, 0, 0, 2),
(473, 1, 'Mitsubishi', 'Зориулалт,Үйлдвэрлэсэн он,Нөхцөл,Үйлдвэрлэсэн улс,Лизинг', NULL, 101, 0, 0, 2),
(474, 1, 'Nissan', 'Зориулалт,Үйлдвэрлэсэн он,Нөхцөл,Үйлдвэрлэсэн улс,Лизинг', NULL, 101, 0, 0, 2),
(475, 1, 'North Benz', 'Зориулалт,Үйлдвэрлэсэн он,Нөхцөл,Үйлдвэрлэсэн улс,Лизинг', NULL, 101, 0, 0, 2),
(476, 1, 'Reddot', 'Зориулалт,Үйлдвэрлэсэн он,Нөхцөл,Үйлдвэрлэсэн улс,Лизинг', NULL, 101, 0, 0, 2),
(477, 1, 'Renault', 'Зориулалт,Үйлдвэрлэсэн он,Нөхцөл,Үйлдвэрлэсэн улс,Лизинг', NULL, 101, 0, 0, 2),
(478, 1, 'Samsung', 'Зориулалт,Үйлдвэрлэсэн он,Нөхцөл,Үйлдвэрлэсэн улс,Лизинг', NULL, 101, 0, 0, 2),
(479, 1, 'Sany', 'Зориулалт,Үйлдвэрлэсэн он,Нөхцөл,Үйлдвэрлэсэн улс,Лизинг', NULL, 101, 0, 0, 2),
(480, 1, 'Scania', 'Зориулалт,Үйлдвэрлэсэн он,Нөхцөл,Үйлдвэрлэсэн улс,Лизинг', NULL, 101, 0, 0, 2),
(481, 1, 'SDLG', 'Зориулалт,Үйлдвэрлэсэн он,Нөхцөл,Үйлдвэрлэсэн улс,Лизинг', NULL, 101, 0, 0, 2),
(482, 1, 'SEM', 'Зориулалт,Үйлдвэрлэсэн он,Нөхцөл,Үйлдвэрлэсэн улс,Лизинг', NULL, 101, 0, 0, 2),
(483, 1, 'Shacman', 'Зориулалт,Үйлдвэрлэсэн он,Нөхцөл,Үйлдвэрлэсэн улс,Лизинг', NULL, 101, 0, 0, 2),
(484, 1, 'Sinotruk', 'Зориулалт,Үйлдвэрлэсэн он,Нөхцөл,Үйлдвэрлэсэн улс,Лизинг', NULL, 101, 0, 0, 2),
(485, 1, 'Ssangyong', 'Зориулалт,Үйлдвэрлэсэн он,Нөхцөл,Үйлдвэрлэсэн улс,Лизинг', NULL, 101, 0, 0, 2),
(486, 1, 'Sumitomo', 'Зориулалт,Үйлдвэрлэсэн он,Нөхцөл,Үйлдвэрлэсэн улс,Лизинг', NULL, 101, 0, 0, 2),
(487, 1, 'Toyota', 'Зориулалт,Үйлдвэрлэсэн он,Нөхцөл,Үйлдвэрлэсэн улс,Лизинг', NULL, 101, 0, 0, 2),
(488, 1, 'Volvo', 'Зориулалт,Үйлдвэрлэсэн он,Нөхцөл,Үйлдвэрлэсэн улс,Лизинг', NULL, 101, 0, 0, 2),
(489, 1, 'XCMG', 'Зориулалт,Үйлдвэрлэсэн он,Нөхцөл,Үйлдвэрлэсэн улс,Лизинг', NULL, 101, 0, 0, 2),
(490, 1, 'XGMA', 'Зориулалт,Үйлдвэрлэсэн он,Нөхцөл,Үйлдвэрлэсэн улс,Лизинг', NULL, 101, 0, 0, 2),
(491, 1, 'ZIL', 'Зориулалт,Үйлдвэрлэсэн он,Нөхцөл,Үйлдвэрлэсэн улс,Лизинг', NULL, 101, 0, 0, 2),
(492, 1, 'Zoomlion', 'Зориулалт,Үйлдвэрлэсэн он,Нөхцөл,Үйлдвэрлэсэн улс,Лизинг', NULL, 101, 0, 0, 2),
(493, 1, 'Бусад', 'Зориулалт,Үйлдвэрлэсэн он,Нөхцөл,Үйлдвэрлэсэн улс,Лизинг', NULL, 101, 0, 0, 2),
(494, 1, 'Yugong', 'Зориулалт,Үйлдвэрлэсэн он,Нөхцөл,Үйлдвэрлэсэн улс,Лизинг', NULL, 101, 0, 0, 2),
(495, 1, 'iPhone 14', 'Багтаамж,Өнгө', NULL, 325, 0, 0, 2),
(496, 1, 'iPhone 13 Pro Max', 'Багтаамж,Өнгө', NULL, 325, 0, 0, 2),
(497, 1, 'iPhone 14 Pro', 'Багтаамж,Өнгө', NULL, 325, 0, 0, 2),
(498, 1, 'iPhone 13 Pro', 'Багтаамж,Өнгө', NULL, 325, 0, 0, 2),
(499, 1, 'iPhone 13 Mini', 'Багтаамж,Өнгө', NULL, 325, 0, 0, 2),
(500, 1, 'iPhone 14 Pro Max', 'Багтаамж,Өнгө', NULL, 325, 0, 0, 2),
(501, 1, 'iPhone 13', 'Багтаамж,Өнгө', NULL, 325, 0, 0, 2),
(502, 1, 'iPhone 12 Pro', 'Багтаамж,Өнгө', NULL, 325, 0, 0, 2),
(503, 1, 'iPhone 12 Pro Max', 'Багтаамж,Өнгө', NULL, 325, 0, 0, 2),
(504, 1, 'iPhone 12', 'Багтаамж,Өнгө', NULL, 325, 0, 0, 2),
(505, 1, 'iPhone 11 Pro Max', 'Багтаамж,Өнгө', NULL, 325, 0, 0, 2),
(506, 1, 'iPhone 11 Pro', 'Багтаамж,Өнгө', NULL, 325, 0, 0, 2),
(507, 1, 'iPhone Xs Max', 'Багтаамж,Өнгө', NULL, 325, 0, 0, 2),
(508, 1, 'iPhone 11', 'Багтаамж,Өнгө', NULL, 325, 0, 0, 2),
(509, 1, 'iPhone 12 mini', 'Багтаамж,Өнгө', NULL, 325, 0, 0, 2),
(510, 1, 'iPhone Xs', 'Багтаамж,Өнгө', NULL, 325, 0, 0, 2),
(511, 1, 'iPhone 7 Plus', 'Багтаамж,Өнгө', NULL, 325, 0, 0, 2),
(512, 1, 'iPhone 7', 'Багтаамж,Өнгө', NULL, 325, 0, 0, 2),
(513, 1, 'iPhone SE', 'Багтаамж,Өнгө', NULL, 325, 0, 0, 2),
(514, 1, 'iPhone 8', 'Багтаамж,Өнгө', NULL, 325, 0, 0, 2),
(515, 1, 'iPhone 6S Plus', 'Багтаамж,Өнгө', NULL, 325, 0, 0, 2),
(516, 1, 'iPhone X', 'Багтаамж,Өнгө', NULL, 325, 0, 0, 2),
(517, 1, 'iPhone 6S', 'Багтаамж,Өнгө', NULL, 325, 0, 0, 2),
(518, 1, 'iPhone 6 Plus', 'Багтаамж,Өнгө', NULL, 325, 0, 0, 2),
(519, 1, 'iPhone 6', 'Багтаамж,Өнгө', NULL, 325, 0, 0, 2),
(520, 1, 'iPhone 5', 'Багтаамж,Өнгө', NULL, 325, 0, 0, 2),
(521, 1, 'iPhone 4S', 'Багтаамж,Өнгө', NULL, 325, 0, 0, 2),
(522, 1, 'iPhone Xr', 'Багтаамж,Өнгө', NULL, 325, 0, 0, 2),
(523, 1, 'S23', 'Багтаамж,Өнгө,Product name,IMEI,Mi activation lock,Үйлдвэрлэсэн огноо,Баталгаа', NULL, 331, 0, 0, 2),
(524, 1, 'S22', 'Багтаамж,Өнгө,Product name,IMEI,Mi activation lock,Үйлдвэрлэсэн огноо,Баталгаа', NULL, 331, 0, 0, 2),
(525, 1, 'S8', 'Багтаамж,Өнгө,Product name,IMEI,Mi activation lock,Үйлдвэрлэсэн огноо,Баталгаа', NULL, 331, 0, 0, 2),
(526, 1, 'S7', 'Багтаамж,Өнгө,Product name,IMEI,Mi activation lock,Үйлдвэрлэсэн огноо,Баталгаа', NULL, 331, 0, 0, 2),
(527, 1, 'S20', 'Багтаамж,Өнгө,Product name,IMEI,Mi activation lock,Үйлдвэрлэсэн огноо,Баталгаа', NULL, 331, 0, 0, 2),
(528, 1, 'S10', 'Багтаамж,Өнгө,Product name,IMEI,Mi activation lock,Үйлдвэрлэсэн огноо,Баталгаа', NULL, 331, 0, 0, 2),
(529, 1, 'S5', 'Багтаамж,Өнгө,Product name,IMEI,Mi activation lock,Үйлдвэрлэсэн огноо,Баталгаа', NULL, 331, 0, 0, 2),
(530, 1, 'S4', 'Багтаамж,Өнгө,Product name,IMEI,Mi activation lock,Үйлдвэрлэсэн огноо,Баталгаа', NULL, 331, 0, 0, 2),
(531, 1, 'S3', 'Багтаамж,Өнгө,Product name,IMEI,Mi activation lock,Үйлдвэрлэсэн огноо,Баталгаа', NULL, 331, 0, 0, 2),
(532, 1, 'S6', 'Багтаамж,Өнгө,Product name,IMEI,Mi activation lock,Үйлдвэрлэсэн огноо,Баталгаа', NULL, 331, 0, 0, 2),
(533, 1, 'S2', 'Багтаамж,Өнгө,Product name,IMEI,Mi activation lock,Үйлдвэрлэсэн огноо,Баталгаа', NULL, 331, 0, 0, 2),
(534, 1, 'S1', 'Багтаамж,Өнгө,Product name,IMEI,Mi activation lock,Үйлдвэрлэсэн огноо,Баталгаа', NULL, 331, 0, 0, 2),
(535, 1, 'Note 9', 'Багтаамж,Өнгө,Product name,IMEI,Mi activation lock,Үйлдвэрлэсэн огноо,Баталгаа', NULL, 331, 0, 0, 2),
(536, 1, 'S9', 'Багтаамж,Өнгө,Product name,IMEI,Mi activation lock,Үйлдвэрлэсэн огноо,Баталгаа', NULL, 331, 0, 0, 2),
(537, 1, 'Note 5', 'Багтаамж,Өнгө,Product name,IMEI,Mi activation lock,Үйлдвэрлэсэн огноо,Баталгаа', NULL, 331, 0, 0, 2),
(538, 1, 'Note 10', 'Багтаамж,Өнгө,Product name,IMEI,Mi activation lock,Үйлдвэрлэсэн огноо,Баталгаа', NULL, 331, 0, 0, 2),
(539, 1, 'Note 4', 'Багтаамж,Өнгө,Product name,IMEI,Mi activation lock,Үйлдвэрлэсэн огноо,Баталгаа', NULL, 331, 0, 0, 2),
(540, 1, 'Flip', 'Багтаамж,Өнгө,Product name,IMEI,Mi activation lock,Үйлдвэрлэсэн огноо,Баталгаа', NULL, 331, 0, 0, 2),
(541, 1, 'Fold', 'Багтаамж,Өнгө,Product name,IMEI,Mi activation lock,Үйлдвэрлэсэн огноо,Баталгаа', NULL, 331, 0, 0, 2),
(542, 1, 'S21', 'Багтаамж,Өнгө,Product name,IMEI,Mi activation lock,Үйлдвэрлэсэн огноо,Баталгаа', NULL, 331, 0, 0, 2),
(543, 1, 'J7', 'Багтаамж,Өнгө,Product name,IMEI,Mi activation lock,Үйлдвэрлэсэн огноо,Баталгаа', NULL, 331, 0, 0, 2),
(544, 1, 'J6', 'Багтаамж,Өнгө,Product name,IMEI,Mi activation lock,Үйлдвэрлэсэн огноо,Баталгаа', NULL, 331, 0, 0, 2),
(545, 1, 'J5', 'Багтаамж,Өнгө,Product name,IMEI,Mi activation lock,Үйлдвэрлэсэн огноо,Баталгаа', NULL, 331, 0, 0, 2),
(546, 1, 'J3', 'Багтаамж,Өнгө,Product name,IMEI,Mi activation lock,Үйлдвэрлэсэн огноо,Баталгаа', NULL, 331, 0, 0, 2),
(547, 1, 'Note 20', 'Багтаамж,Өнгө,Product name,IMEI,Mi activation lock,Үйлдвэрлэсэн огноо,Баталгаа', NULL, 331, 0, 0, 2),
(548, 1, 'J2', 'Багтаамж,Өнгө,Product name,IMEI,Mi activation lock,Үйлдвэрлэсэн огноо,Баталгаа', NULL, 331, 0, 0, 2),
(549, 1, 'Note 8', 'Багтаамж,Өнгө,Product name,IMEI,Mi activation lock,Үйлдвэрлэсэн огноо,Баталгаа', NULL, 331, 0, 0, 2),
(550, 1, 'A52', 'Багтаамж,Өнгө,Product name,IMEI,Mi activation lock,Үйлдвэрлэсэн огноо,Баталгаа', NULL, 331, 0, 0, 2),
(551, 1, 'A72', 'Багтаамж,Өнгө,Product name,IMEI,Mi activation lock,Үйлдвэрлэсэн огноо,Баталгаа', NULL, 331, 0, 0, 2),
(552, 1, 'A70', 'Багтаамж,Өнгө,Product name,IMEI,Mi activation lock,Үйлдвэрлэсэн огноо,Баталгаа', NULL, 331, 0, 0, 2),
(553, 1, 'A53', 'Багтаамж,Өнгө,Product name,IMEI,Mi activation lock,Үйлдвэрлэсэн огноо,Баталгаа', NULL, 331, 0, 0, 2),
(554, 1, 'A51', 'Багтаамж,Өнгө,Product name,IMEI,Mi activation lock,Үйлдвэрлэсэн огноо,Баталгаа', NULL, 331, 0, 0, 2),
(555, 1, 'A50', 'Багтаамж,Өнгө,Product name,IMEI,Mi activation lock,Үйлдвэрлэсэн огноо,Баталгаа', NULL, 331, 0, 0, 2),
(556, 1, 'A30', 'Багтаамж,Өнгө,Product name,IMEI,Mi activation lock,Үйлдвэрлэсэн огноо,Баталгаа', NULL, 331, 0, 0, 2),
(557, 1, 'A20', 'Багтаамж,Өнгө,Product name,IMEI,Mi activation lock,Үйлдвэрлэсэн огноо,Баталгаа', NULL, 331, 0, 0, 2),
(558, 1, 'A10', 'Багтаамж,Өнгө,Product name,IMEI,Mi activation lock,Үйлдвэрлэсэн огноо,Баталгаа', NULL, 331, 0, 0, 2),
(559, 1, 'A9', 'Багтаамж,Өнгө,Product name,IMEI,Mi activation lock,Үйлдвэрлэсэн огноо,Баталгаа', NULL, 331, 0, 0, 2),
(560, 1, 'A8', 'Багтаамж,Өнгө,Product name,IMEI,Mi activation lock,Үйлдвэрлэсэн огноо,Баталгаа', NULL, 331, 0, 0, 2),
(561, 1, 'A7', 'Багтаамж,Өнгө,Product name,IMEI,Mi activation lock,Үйлдвэрлэсэн огноо,Баталгаа', NULL, 331, 0, 0, 2),
(562, 1, 'A6', 'Багтаамж,Өнгө,Product name,IMEI,Mi activation lock,Үйлдвэрлэсэн огноо,Баталгаа', NULL, 331, 0, 0, 2),
(563, 1, 'A5', 'Багтаамж,Өнгө,Product name,IMEI,Mi activation lock,Үйлдвэрлэсэн огноо,Баталгаа', NULL, 331, 0, 0, 2),
(564, 1, 'A3', 'Багтаамж,Өнгө,Product name,IMEI,Mi activation lock,Үйлдвэрлэсэн огноо,Баталгаа', NULL, 331, 0, 0, 2),
(565, 1, 'Grand Prime', 'Багтаамж,Өнгө,Product name,IMEI,Mi activation lock,Үйлдвэрлэсэн огноо,Баталгаа', NULL, 331, 0, 0, 2),
(566, 1, 'Бусад', 'Багтаамж,Өнгө,Product name,IMEI,Mi activation lock,Үйлдвэрлэсэн огноо,Баталгаа', NULL, 331, 0, 0, 2),
(567, 1, 'Grand Max', 'Багтаамж,Өнгө,Product name,IMEI,Mi activation lock,Үйлдвэрлэсэн огноо,Баталгаа', NULL, 331, 0, 0, 2),
(568, 1, 'Загас, аквариум', '', NULL, 487, 0, 0, 2),
(569, 1, 'Нохой', '', NULL, 487, 0, 0, 2),
(570, 1, 'Шувуу', '', NULL, 487, 0, 0, 2),
(571, 1, 'Муур', '', NULL, 487, 0, 0, 2),
(572, 1, 'Мэрэгч амьтан', '', NULL, 487, 0, 0, 2),
(573, 1, 'Бусад амьтад', '', NULL, 487, 0, 0, 2),
(574, 1, 'Хэвлээр явагч', '', NULL, 487, 0, 0, 2),
(575, 1, 'Хонь', '', NULL, 488, 0, 0, 2),
(576, 1, 'Морь, адуу', '', NULL, 488, 0, 0, 2),
(577, 1, 'Ямаа', '', NULL, 488, 0, 0, 2),
(578, 1, 'Үхэр', '', NULL, 488, 0, 0, 2),
(579, 1, 'GLE-Class', 'Мотор багтаамж,Хурдны хайрцаг,Хүрд,Төрөл,Өнгө,Үйлдвэрлэсэн он,Орж ирсэн он,Хөдөлгүүр,Дотор өнгө,Лизинг,Хөтлөгч,Явсан,Нөхцөл,Хаалга,Үйлдвэрлэсэн улс,Хөдөлгүүрийн багтаамж', NULL, 73, 0, 0, 2);

-- --------------------------------------------------------

--
-- Table structure for table `chat`
--

CREATE TABLE `chat` (
  `id` int UNSIGNED NOT NULL,
  `fromID` int UNSIGNED NOT NULL COMMENT 'from user id',
  `toID` int UNSIGNED NOT NULL COMMENT 'to user id',
  `type` tinyint UNSIGNED NOT NULL COMMENT '0-text, 1-category, 2-item, 3-role',
  `message` mediumtext CHARACTER SET utf8mb3 COLLATE utf8mb3_unicode_ci NOT NULL,
  `isRead` tinyint(1) NOT NULL COMMENT '0-unread, 1-read',
  `isNotified` tinyint(1) NOT NULL DEFAULT '0' COMMENT '	email, sms, popup notifications',
  `datetime` datetime NOT NULL,
  `note` mediumtext CHARACTER SET utf8mb3 COLLATE utf8mb3_unicode_ci COMMENT 'isPaid',
  `action` tinyint DEFAULT NULL COMMENT 'add-0, edit-1, boost-2, update-3'
) ENGINE=MyISAM DEFAULT CHARSET=utf8mb3 COLLATE=utf8mb3_unicode_ci;

--
-- Dumping data for table `chat`
--

INSERT INTO `chat` (`id`, `fromID`, `toID`, `type`, `message`, `isRead`, `isNotified`, `datetime`, `note`, `action`) VALUES
(1, 1, 1, 3, ' (#1, +97699213557) хэрэглэгч Сүпер админ, 1,000,000 ₮ болох хүсэлт илгээлээ.', 1, 0, '2023-07-09 20:52:02', '{\"payment\":[{\"isPaid\":true,\"datetime\":\"2023-07-09 08:56:19\"}]}', NULL),
(2, 2, 1, 2, '1', 1, 0, '2023-07-10 22:48:51', '{\"payment\":[{\"datetime\":\"2023-07-10 10:49:02\",\"isPaid\":true}]}', NULL),
(3, 3, 1, 2, '2', 1, 0, '2023-07-10 22:53:49', '{\"payment\":[{\"datetime\":\"2023-07-10 10:53:55\",\"isPaid\":true}]}', NULL),
(4, 1, 1, 1, 'c4_579', 1, 0, '2023-07-10 22:56:23', NULL, NULL),
(5, 4, 1, 2, '3', 1, 0, '2023-07-10 23:01:19', '{\"payment\":[{\"datetime\":\"2023-07-10 11:01:26\",\"isPaid\":true}]}', NULL),
(6, 6, 1, 2, '4', 1, 0, '2023-07-11 14:27:13', '{\"payment\":[{\"datetime\":\"2023-07-11 02:27:20\",\"isPaid\":true}]}', NULL),
(7, 7, 1, 2, '5', 1, 0, '2023-07-11 15:21:27', '{\"payment\":[{\"datetime\":\"2023-07-11 03:15:58\",\"isPaid\":true}]}', NULL),
(8, 7, 1, 0, 'Дөрвөн улирлын Амины орон сууц (#6)<br/>1 сая ₮<br/><div style=\"font-size:12px; color:gray; margin-top:2px\">Үйлчилгээ<i class=\"fas fa-angle-right\" style=\"font-size:10px; margin-left:2px; margin-right:2px\"></i>Барилгын бүх ажил<i class=\"fas fa-angle-right\" style=\"font-size:10px; margin-left:2px; margin-right:2px\"></i>Байшин, хаус барина<br/><b>Идэвхгүй болов</b><br/>Зарахаа больсон</div>', 1, 0, '2023-07-11 15:21:00', NULL, NULL),
(9, 8, 1, 2, '7', 1, 0, '2023-07-11 18:08:17', '{\"payment\":[{\"datetime\":\"2023-07-11 06:08:52\",\"isPaid\":true}]}', NULL),
(10, 9, 1, 2, '8', 1, 0, '2023-07-11 18:14:03', '{\"payment\":[{\"datetime\":\"2023-07-11 06:14:24\",\"isPaid\":true}]}', NULL),
(11, 10, 1, 2, '9', 1, 0, '2023-07-11 18:17:11', '{\"payment\":[{\"datetime\":\"2023-07-11 06:17:32\",\"isPaid\":true}]}', NULL),
(12, 11, 1, 2, '10', 1, 0, '2023-07-11 18:21:17', '{\"payment\":[{\"datetime\":\"2023-07-11 06:21:22\",\"isPaid\":true}]}', NULL),
(13, 12, 1, 2, '12', 1, 0, '2023-07-11 18:27:38', '{\"payment\":[{\"datetime\":\"2023-07-11 06:28:19\",\"isPaid\":true}]}', NULL),
(14, 12, 1, 2, '11', 1, 0, '2023-07-11 18:31:44', '{\"payment\":[{\"datetime\":\"2023-07-11 06:32:29\",\"isPaid\":true}]}', NULL),
(15, 13, 1, 2, '13', 1, 0, '2023-07-11 18:37:17', '{\"payment\":[{\"datetime\":\"2023-07-11 06:37:46\",\"isPaid\":true}]}', NULL),
(16, 14, 1, 2, '14', 1, 0, '2023-07-11 18:44:10', '{\"payment\":[{\"datetime\":\"2023-07-11 06:44:28\",\"isPaid\":true}]}', NULL),
(17, 15, 1, 2, '15', 1, 0, '2023-07-11 18:48:47', '{\"payment\":[{\"datetime\":\"2023-07-11 06:48:53\",\"isPaid\":true}]}', NULL),
(18, 16, 1, 2, '16', 1, 0, '2023-07-11 18:56:15', '{\"payment\":[{\"datetime\":\"2023-07-11 06:56:36\",\"isPaid\":true}]}', NULL),
(19, 17, 1, 2, '17', 1, 0, '2023-07-12 11:08:05', '{\"payment\":[{\"datetime\":\"2023-07-12 11:08:17\",\"isPaid\":false}]}', NULL),
(20, 1, 2, 0, 'Mercedes-Benz C class  (#2)&lt;br/&gt;0 ₮&lt;br/&gt;Автомашин &gt; Автомашин зарна &gt; Mercedes-Benz &gt; C-Class', 0, 0, '2023-07-12 23:12:21', NULL, NULL),
(21, 1, 3, 0, 'E300 (#3)&lt;br/&gt;0 ₮&lt;br/&gt;Автомашин &gt; Автомашин зарна &gt; Mercedes-Benz &gt; E-Class', 0, 0, '2023-07-13 09:50:22', NULL, NULL),
(22, 1, 6, 0, 'Land 70/77 (#6)&lt;br/&gt;0 ₮&lt;br/&gt;Автомашин &gt; Автомашин зарна &gt; Toyota &gt; Land Cruiser 70', 0, 0, '2023-07-13 10:12:27', NULL, NULL),
(23, 18, 1, 2, '18', 1, 0, '2023-07-13 16:16:12', '{\"payment\":[{\"datetime\":\"2023-07-13 04:17:23\",\"isPaid\":true}]}', NULL),
(24, 1, 1, 2, '19', 1, 0, '2023-07-27 12:23:29', '{\"payment\":[{\"datetime\":\"2023-07-13 04:24:01\",\"isPaid\":false}]}', 4),
(25, 1, 1, 0, 'test (#19)<br/>123 ₮<br/><div style=\"font-size:12px; color:gray; margin-top:2px\">Үл хөдлөх<i class=\"fas fa-angle-right\" style=\"font-size:10px; margin-left:2px; margin-right:2px\"></i>Үл хөдлөх зарна<i class=\"fas fa-angle-right\" style=\"font-size:10px; margin-left:2px; margin-right:2px\"></i>АОС, хаус, зуслан зарна<br/><b>Идэвхгүй болов</b><br/>test</div>', 1, 0, '2023-07-13 16:24:11', NULL, NULL),
(26, 19, 1, 2, '20', 1, 0, '2023-07-13 16:28:53', '{\"payment\":[{\"datetime\":\"2023-07-13 04:30:25\",\"isPaid\":true}]}', NULL),
(27, 1, 1, 0, 'test (#19)<br/>123 ₮<br/><div style=\"font-size:12px; color:gray; margin-top:2px\">Үл хөдлөх<i class=\"fas fa-angle-right\" style=\"font-size:10px; margin-left:2px; margin-right:2px\"></i>Үл хөдлөх зарна<i class=\"fas fa-angle-right\" style=\"font-size:10px; margin-left:2px; margin-right:2px\"></i>АОС, хаус, зуслан зарна<br/><b>Идэвхгүй болов</b><br/>Зарахаа больсон</div>', 1, 0, '2023-07-16 09:39:22', NULL, NULL),
(28, 20, 1, 2, '21', 1, 0, '2023-07-16 09:45:36', '{\"payment\":[{\"datetime\":\"2023-07-16 09:46:06\",\"isPaid\":true}]}', NULL),
(29, 21, 1, 2, '22', 1, 0, '2023-07-16 10:18:50', '{\"payment\":[{\"datetime\":\"2023-07-16 10:18:58\",\"isPaid\":true}]}', NULL),
(30, 22, 1, 2, '23', 1, 0, '2023-07-16 10:33:11', '{\"payment\":[{\"datetime\":\"2023-07-16 10:33:16\",\"isPaid\":true}]}', NULL),
(31, 23, 1, 2, '24', 1, 0, '2023-07-16 10:44:43', '{\"payment\":[{\"datetime\":\"2023-07-16 10:45:13\",\"isPaid\":true}]}', NULL),
(32, 24, 1, 2, '25', 1, 0, '2023-07-16 17:41:31', '{\"payment\":[{\"datetime\":\"2023-07-16 05:42:06\",\"isPaid\":true}]}', NULL),
(33, 25, 1, 2, '26', 1, 0, '2023-07-16 17:53:42', '{\"payment\":[{\"datetime\":\"2023-07-16 05:53:48\",\"isPaid\":true}]}', NULL),
(34, 26, 1, 2, '27', 1, 0, '2023-07-16 18:19:21', '{\"payment\":[{\"datetime\":\"2023-07-16 06:19:24\",\"isPaid\":true}]}', NULL),
(35, 27, 1, 2, '28', 1, 0, '2023-07-16 18:57:19', '{\"payment\":[{\"datetime\":\"2023-07-16 06:57:25\",\"isPaid\":true}]}', NULL),
(36, 28, 1, 2, '29', 1, 0, '2023-07-16 19:06:00', '{\"payment\":[{\"datetime\":\"2023-07-16 07:06:07\",\"isPaid\":true}]}', NULL),
(37, 1, 1, 1, 'c3_558', 1, 0, '2023-07-17 21:40:59', NULL, NULL),
(38, 29, 1, 2, '30', 1, 0, '2023-07-17 21:58:35', '{\"payment\":[{\"datetime\":\"2023-07-17 09:46:01\",\"isPaid\":true}]}', NULL),
(39, 5, 1, 3, ' (#5, +97680104547) хэрэглэгч Менежер, 100,000 ₮ болох хүсэлт илгээлээ.', 1, 1, '2023-07-18 14:29:45', '{\"payment\":[{\"isPaid\":true,\"datetime\":\"2023-07-18 05:32:25\"}]}', NULL),
(40, 30, 1, 2, '31', 1, 1, '2023-07-18 17:30:12', '{\"payment\":[{\"datetime\":\"2023-07-18 05:31:11\",\"isPaid\":true}]}', NULL),
(41, 31, 1, 2, '32', 1, 1, '2023-07-18 19:49:29', '{\"payment\":[{\"datetime\":\"2023-07-18 07:49:34\",\"isPaid\":true}]}', NULL),
(42, 1, 15, 0, 'ЦАХИЛГААН СКҮҮТЭР (#15)&lt;br/&gt;2 сая ₮&lt;br/&gt;Амралт спорт хобби &gt; Бусад', 0, 0, '2023-07-18 22:25:57', NULL, NULL),
(43, 5, 1, 3, 'Төмөр Алтанхуяг (#5, +97680104547) хэрэглэгч Нийтлэгч, 50,000 ₮ болох хүсэлт илгээлээ.', 1, 1, '2023-07-19 16:22:33', '{\"payment\":[{\"isPaid\":true,\"datetime\":\"2023-07-19 12:09:18\"},{\"isPaid\":true,\"datetime\":\"2023-07-19 04:25:45\"}]}', NULL),
(44, 5, 1, 3, 'Төмөр Алтанхуяг (#5, +97680104547) хэрэглэгч Менежер, 100,000 ₮ болох хүсэлт илгээлээ.', 1, 1, '2023-07-19 12:11:31', '{\"payment\":[{\"isPaid\":true,\"datetime\":\"2023-07-19 12:14:58\"}]}', NULL),
(52, 5, 1, 2, '35', 1, 1, '2023-07-27 12:47:50', '{\"payment\":[{\"datetime\":\"2023-07-27 12:08:47\",\"isPaid\":false},{\"datetime\":\"2023-07-27 12:49:33\",\"isPaid\":false}]}', NULL),
(46, 5, 1, 0, 'Test (#33)<br/>123 ₮<br/><div style=\"font-size:12px; color:gray; margin-top:2px\">Үнэгүй өгнө<br/><b>Идэвхгүй болов</b><br/>Test</div>', 1, 1, '2023-07-19 16:33:54', NULL, NULL),
(48, 5, 1, 0, 'Test (#33)<br/>123 ₮<br/><div style=\"font-size:12px; color:gray; margin-top:2px\">Үнэгүй өгнө<br/><b>Идэвхгүй болов</b><br/>Test хийв</div>', 1, 1, '2023-07-20 18:55:40', NULL, NULL),
(53, 5, 1, 0, 'test ad (#35)<br/>123 ₮<br/><div style=\"font-size:12px; color:gray; margin-top:2px\">Үнэгүй өгнө<br/><b>Идэвхгүй болов</b><br/>test</div>', 1, 0, '2023-07-27 12:25:10', NULL, NULL),
(49, 32, 1, 2, '34', 1, 1, '2023-07-20 21:46:50', '{\"payment\":[{\"datetime\":\"2023-07-20 09:49:21\",\"isPaid\":true}]}', NULL),
(50, 1, 32, 0, 'Сайн байна уу?', 0, 1, '2023-07-20 21:58:56', NULL, NULL),
(51, 1, 32, 0, 'Таны зарыг нийтэлсэн шүү :-)', 0, 1, '2023-07-20 21:59:26', NULL, NULL),
(54, 1, 1, 0, 'test 123 (#19)<br/>123 ₮<br/><div style=\"font-size:12px; color:gray; margin-top:2px\">Үл хөдлөх<i class=\"fas fa-angle-right\" style=\"font-size:10px; margin-left:2px; margin-right:2px\"></i>Үл хөдлөх зарна<i class=\"fas fa-angle-right\" style=\"font-size:10px; margin-left:2px; margin-right:2px\"></i>АОС, хаус, зуслан зарна<br/><b>Идэвхгүй болов</b><br/>test</div>', 1, 0, '2023-07-27 12:44:51', NULL, NULL);

-- --------------------------------------------------------

--
-- Table structure for table `favorite`
--

CREATE TABLE `favorite` (
  `id` int UNSIGNED NOT NULL,
  `itemID` int UNSIGNED NOT NULL,
  `userID` int UNSIGNED NOT NULL
) ENGINE=MyISAM DEFAULT CHARSET=utf8mb3 COLLATE=utf8mb3_unicode_ci;

--
-- Dumping data for table `favorite`
--

INSERT INTO `favorite` (`id`, `itemID`, `userID`) VALUES
(1, 2, 1),
(2, 8, 1),
(3, 3, 1);

-- --------------------------------------------------------

--
-- Table structure for table `images`
--

CREATE TABLE `images` (
  `id` int UNSIGNED NOT NULL,
  `userID` int NOT NULL COMMENT 'user id',
  `item` int NOT NULL COMMENT 'item id',
  `image` varchar(200) CHARACTER SET utf8mb3 COLLATE utf8mb3_unicode_ci NOT NULL,
  `sort` int NOT NULL DEFAULT '0'
) ENGINE=MyISAM DEFAULT CHARSET=utf8mb3 COLLATE=utf8mb3_unicode_ci;

--
-- Dumping data for table `images`
--

INSERT INTO `images` (`id`, `userID`, `item`, `image`, `sort`) VALUES
(1, 2, 1, '20230710104432_358116018_981795713065179_2453300629079806830_n.jpg', 0),
(2, 2, 1, '20230710104432_358117480_981794813065269_6008028670836431139_n.jpg', 0),
(3, 2, 1, '20230710104432_358123230_981794766398607_4121100361922881722_n.jpg', 0),
(4, 2, 1, '20230710104432_358149766_981794796398604_1496962267036537860_n.jpg', 0),
(5, 2, 1, '20230710104432_358156003_981794536398630_2612548493106785511_n.jpg', 0),
(6, 2, 1, '20230710104432_358156749_981794853065265_1390014041861053694_n.jpg', 0),
(7, 2, 1, '20230710104432_358378623_981794603065290_978586383985832090_n.jpg', 0),
(8, 2, 1, '20230710104432_358390857_981795559731861_7569746384732415821_n.jpg', 0),
(9, 2, 1, '20230710104432_358391752_981794713065279_8480585153764286235_n.jpg', 0),
(10, 3, 2, '20230710105145_349873272_277006198047880_4718706195623877596_n.jpg', 0),
(11, 3, 2, '20230710105145_350100200_1921052261628776_5245258551237004210_n.jpg', 0),
(12, 3, 2, '20230710105145_350133665_608592794557064_5789050387856928963_n.jpg', 0),
(13, 3, 2, '20230710105145_350376815_272558918513517_2991677426019939366_n.jpg', 0),
(14, 3, 2, '20230710105145_350493763_536369595190573_495097998334639791_n.jpg', 0),
(15, 3, 2, '20230710105145_350516828_206055762307909_2163498748476751373_n.jpg', 0),
(16, 4, 3, '20230710105816_356239541_645553930935572_1571876809064612152_n.jpg', 0),
(17, 4, 3, '20230710105816_356246686_645553857602246_1431470079730475971_n.jpg', 0),
(18, 4, 3, '20230710105816_356407835_645553877602244_7465411501206314367_n.jpg', 0),
(19, 4, 3, '20230710105816_356435941_645553694268929_4609065605073729346_n.jpg', 0),
(20, 4, 3, '20230710105816_356636369_645553750935590_509035302158639025_n.jpg', 0),
(21, 4, 3, '20230710105816_356813887_645553727602259_5776319657589494956_n.jpg', 0),
(22, 4, 3, '20230710105816_356857054_645553977602234_1800096381491941248_n.jpg', 0),
(23, 4, 3, '20230710105816_356917702_645553697602262_8782733512579790201_n.jpg', 0),
(24, 4, 3, '20230710105816_357041951_645553890935576_8328762986131556269_n.jpg', 0),
(25, 4, 3, '20230710105816_357054971_645553894268909_6094220504137626068_n.jpg', 0),
(26, 4, 3, '20230710105816_357091687_645553974268901_4149870931940350748_n.jpg', 0),
(27, 4, 3, '20230710105816_357108226_645554017602230_7970781832347246046_n.jpg', 0),
(28, 4, 3, '20230710105816_357110581_645553927602239_2253426255852463982_n.jpg', 0),
(29, 4, 3, '20230710105816_357190326_645554020935563_7281943255027021920_n.jpg', 0),
(30, 4, 3, '20230710105816_357396340_645553764268922_5160988406872644916_n.jpg', 0),
(31, 4, 3, '20230710105816_357410227_645553717602260_3273186172373960626_n.jpg', 0),
(32, 4, 3, '20230710105816_357441744_645553854268913_8053371674000127013_n.jpg', 0),
(33, 4, 3, '20230710105816_357464161_645553777602254_5319944565436539627_n.jpg', 0),
(34, 4, 3, '20230710105816_357464963_645553790935586_7360807442644745828_n.jpg', 0),
(35, 4, 3, '20230710105816_357477562_645554204268878_8744289610264203024_n.jpg', 0),
(36, 4, 3, '20230710105816_357483951_645553970935568_3448537223351459569_n.jpg', 0),
(39, 7, 5, '20230711032118_347261234_681584420649468_4914411282495982885_n.jpg', 0),
(38, 7, 5, '20230711031433_357702319_681582527316324_5223244975055608117_n.jpg', 0),
(40, 7, 5, '20230711032118_347263324_681585347316042_8712605837201598465_n.jpg', 0),
(41, 7, 5, '20230711032118_357384462_681585420649368_1116207347748079455_n.jpg', 0),
(42, 7, 5, '20230711032118_357575289_681585547316022_1232124994599966028_n.jpg', 0),
(43, 7, 5, '20230711032118_357675833_681586570649253_8394082270903337303_n.jpg', 0),
(44, 7, 5, '20230711032118_357680155_681585490649361_4310849277578313983_n.jpg', 0),
(45, 7, 5, '20230711032118_357682227_681584463982797_3747954455589490458_n.jpg', 0),
(46, 7, 5, '20230711032118_357693612_681585260649384_4044238091385455421_n.jpg', 0),
(47, 7, 5, '20230711032118_357697393_681585517316025_974662567098141303_n.jpg', 0),
(48, 7, 5, '20230711032118_357704992_681584670649443_9092872942448207781_n.jpg', 0),
(49, 7, 5, '20230711032118_357712434_681584103982833_583679213485006852_n.jpg', 0),
(50, 7, 5, '20230711032118_357736188_681583120649598_1065148020797924267_n.jpg', 0),
(51, 7, 5, '20230711032118_357744815_681585587316018_7496590347319322688_n.jpg', 0),
(52, 7, 5, '20230711032118_357833296_681585450649365_7060703340393227073_n.jpg', 0),
(53, 8, 7, '20230711060400_350492757_777856830646422_2532586513060264074_n.jpg', 0),
(54, 8, 7, '20230711060400_350528800_784811903335549_9175518519754380093_n.jpg', 0),
(55, 8, 7, '20230711060400_350632105_588260683441980_6422117416632634222_n.jpg', 0),
(56, 8, 7, '20230711060400_350784804_3110651192571233_3628197296768803499_n.jpg', 0),
(57, 8, 7, '20230711060401_350796114_552638010413590_9184244230880442400_n.jpg', 0),
(58, 8, 7, '20230711060401_350801064_903024347467882_3845964080103596445_n.jpg', 0),
(59, 9, 8, '20230711061235_357790736_593062059481492_1299718517628621602_n.jpg', 0),
(60, 9, 8, '20230711061235_357803986_593062066148158_1708998610636870829_n.jpg', 0),
(61, 9, 8, '20230711061235_358046796_593062042814827_5004744151357447981_n.jpg', 0),
(62, 9, 8, '20230711061235_358122249_593062039481494_6327726733235430019_n.jpg', 0),
(63, 9, 8, '20230711061235_358144018_593061439481554_3721816288313856421_n.jpg', 0),
(64, 10, 9, '20230711061706_358147772_660280376136381_9090874880823835453_n.jpg', 0),
(65, 10, 9, '20230711061706_358625094_660280322803053_6028878307822513915_n.jpg', 0),
(66, 11, 10, '20230711062045_357731232_140683339041583_5443401163003861901_n.jpg', 0),
(67, 11, 10, '20230711062045_357775602_140683345708249_246532456107331834_n.jpg', 0),
(68, 11, 10, '20230711062045_357822676_140683479041569_7334699364272127627_n.jpg', 0),
(69, 11, 10, '20230711062045_357835594_140683569041560_6111260736238379200_n.jpg', 0),
(70, 11, 10, '20230711062045_358090338_140686362374614_7058731537907959702_n.jpg', 0),
(71, 12, 11, '20230711062519_347265375_581502247437480_524457547611890596_n.jpg', 0),
(72, 12, 11, '20230711062519_347404584_1362183494342681_119791233138063472_n.jpg', 0),
(73, 12, 11, '20230711062519_347553167_990328718635335_8998357716174738199_n.jpg', 0),
(74, 12, 11, '20230711062520_347559838_994480631909198_5831892766182309273_n.jpg', 0),
(75, 12, 11, '20230711062520_347600059_556501773314562_2529272757533899646_n.jpg', 0),
(77, 13, 13, '20230711063625_355112997_634104872082098_6344473355094465961_n.jpg', 0),
(78, 13, 13, '20230711063627_355351516_634104855415433_7283882389747615377_n.jpg', 0),
(79, 13, 13, '20230711063627_355512045_634104892082096_7944878696757668593_n.jpg', 0),
(80, 13, 13, '', 0),
(81, 13, 13, '20230711063632_355104042_634104758748776_5196464162562198596_n.jpg', 0),
(82, 14, 14, '20230711064226_358033599_734163695383807_6822809836896517225_n.jpg', 0),
(83, 14, 14, '20230711064231_357699240_734164005383776_3856833754037461377_n.jpg', 0),
(84, 14, 14, '20230711064231_357705914_734164358717074_1016812979527275868_n.jpg', 0),
(85, 14, 14, '20230711064231_357715275_734163782050465_736133634990901161_n.jpg', 0),
(86, 14, 14, '20230711064231_357729125_734164168717093_1612978499089654392_n.jpg', 0),
(87, 14, 14, '20230711064231_358030838_734163455383831_5708093422358761808_n.jpg', 0),
(88, 14, 14, '20230711064231_358034645_734164112050432_8673637696293034717_n.jpg', 0),
(89, 14, 14, '20230711064231_358037000_734163685383808_3741530715739991055_n.jpg', 0),
(90, 14, 14, '20230711064231_358063876_734163758717134_1891940307593479349_n.jpg', 0),
(91, 14, 14, '20230711064231_358066048_734164532050390_7694361813284662328_n.jpg', 0),
(92, 14, 14, '20230711064231_358082458_734164455383731_5307098314443277103_n.jpg', 0),
(93, 14, 14, '20230711064231_358087219_734164182050425_5446013549513090460_n.jpg', 0),
(94, 14, 14, '20230711064231_358122093_734164255383751_5929761557468190737_n.jpg', 0),
(95, 14, 14, '20230711064231_358125957_734163465383830_119711653517098364_n.jpg', 0),
(96, 14, 14, '20230711064231_358135371_734164268717083_4023522963242906739_n.jpg', 0),
(97, 14, 14, '20230711064231_358136438_734163628717147_5447512821798013146_n.jpg', 0),
(98, 14, 14, '20230711064231_358432858_734163612050482_1862956307602943434_n.jpg', 0),
(99, 14, 14, '20230711064231_358438208_734164372050406_2220569578204303526_n.jpg', 0),
(100, 15, 15, '20230711064744_340873292_598022128932585_7280145555943844603_n (1).jpg', 0),
(101, 15, 15, '20230711064803_340873292_598022128932585_7280145555943844603_n (1).jpg', 0),
(102, 15, 15, '20230711064803_340967983_722468419629837_8416761147921163628_n (1).jpg', 0),
(103, 15, 15, '20230711064803_341263141_763399378568270_5668340617962310695_n (1).jpg', 0),
(104, 18, 18, '20230713041529_348561109_147348098322616_8464039697706458299_n.jpg', 0),
(105, 19, 20, '20230713042745_356237760_588283586765884_8624007535869539234_n.jpg', 0),
(106, 19, 20, '20230713042751_355876411_588283636765879_6436926350962432952_n.jpg', 0),
(107, 19, 20, '20230713042751_356015738_588283596765883_6717799648747974544_n.jpg', 0),
(108, 19, 20, '20230713042751_356124166_588282846765958_247310135380110734_n.jpg', 0),
(109, 19, 20, '20230713042751_356201018_588283620099214_8207953307843697493_n.jpg', 0),
(110, 19, 20, '20230713042751_356269546_588283580099218_6802847738125651923_n.jpg', 0),
(234, 29, 30, '20230717095835_FB_IMG_1689601514362.jpg', 2),
(114, 20, 21, '20230716094207_FB_IMG_1689471469033.jpg', 0),
(115, 20, 21, '20230716094225_FB_IMG_1689471472459.jpg', 0),
(116, 20, 21, '20230716094225_FB_IMG_1689471475389.jpg', 0),
(117, 20, 21, '20230716094225_FB_IMG_1689471478036.jpg', 0),
(118, 20, 21, '20230716094225_FB_IMG_1689471480461.jpg', 0),
(119, 20, 21, '20230716094225_FB_IMG_1689471483186.jpg', 0),
(120, 20, 21, '20230716094225_FB_IMG_1689471485698.jpg', 0),
(121, 20, 21, '20230716094225_FB_IMG_1689471488212.jpg', 0),
(122, 20, 21, '20230716094225_FB_IMG_1689471490621.jpg', 0),
(123, 20, 21, '20230716094225_FB_IMG_1689471493683.jpg', 0),
(124, 20, 21, '20230716094225_FB_IMG_1689471496125.jpg', 0),
(125, 20, 21, '20230716094225_FB_IMG_1689471498453.jpg', 0),
(126, 20, 21, '20230716094225_FB_IMG_1689471503325.jpg', 0),
(127, 20, 21, '20230716094225_FB_IMG_1689471506166.jpg', 0),
(128, 21, 22, '20230716101712_FB_IMG_1689473745751.jpg', 0),
(129, 21, 22, '20230716101712_FB_IMG_1689473749374.jpg', 0),
(130, 22, 23, '20230716102958_FB_IMG_1689474541339.jpg', 0),
(131, 23, 24, '20230716104349_FB_IMG_1689475353361.jpg', 0),
(132, 23, 24, '20230716104349_FB_IMG_1689475355503.jpg', 0),
(133, 23, 24, '20230716104349_FB_IMG_1689475357696.jpg', 0),
(134, 23, 24, '20230716104349_FB_IMG_1689475363203.jpg', 0),
(135, 23, 24, '20230716104349_FB_IMG_1689475389496.jpg', 0),
(136, 23, 24, '20230716104349_FB_IMG_1689475392528.jpg', 0),
(137, 23, 24, '20230716104349_FB_IMG_1689475386801.jpg', 0),
(138, 23, 24, '20230716104349_FB_IMG_1689475370400.jpg', 0),
(139, 23, 24, '20230716104349_FB_IMG_1689475360557.jpg', 0),
(140, 23, 24, '20230716104349_FB_IMG_1689475368223.jpg', 0),
(141, 23, 24, '20230716104349_FB_IMG_1689475383339.jpg', 0),
(142, 23, 24, '20230716104349_FB_IMG_1689475377582.jpg', 0),
(143, 23, 24, '20230716104349_FB_IMG_1689475372598.jpg', 0),
(144, 23, 24, '20230716104349_FB_IMG_1689475398839.jpg', 0),
(145, 24, 25, '20230716053720_FB_IMG_1689500204083.jpg', 0),
(146, 24, 25, '20230716053720_FB_IMG_1689500206807.jpg', 0),
(147, 24, 25, '20230716053720_FB_IMG_1689500209668.jpg', 0),
(148, 24, 25, '20230716053720_FB_IMG_1689500212782.jpg', 0),
(149, 25, 26, '20230716055335_FB_IMG_1689500876454.jpg', 0),
(150, 25, 26, '20230716055335_FB_IMG_1689500880875.jpg', 0),
(151, 25, 26, '20230716055335_FB_IMG_1689500887925.jpg', 0),
(152, 25, 26, '20230716055335_FB_IMG_1689500885459.jpg', 0),
(153, 25, 26, '20230716055335_FB_IMG_1689500883384.jpg', 0),
(154, 25, 26, '20230716055335_FB_IMG_1689500890382.jpg', 0),
(155, 26, 27, '20230716061539_FB_IMG_1689502505418.jpg', 0),
(156, 26, 27, '20230716061539_FB_IMG_1689502507593.jpg', 0),
(157, 26, 27, '20230716061539_FB_IMG_1689502509517.jpg', 0),
(158, 26, 27, '20230716061539_FB_IMG_1689502511358.jpg', 0),
(159, 26, 27, '20230716061539_FB_IMG_1689502514874.jpg', 0),
(160, 26, 27, '20230716061539_FB_IMG_1689502516870.jpg', 0),
(161, 26, 27, '20230716061539_FB_IMG_1689502518721.jpg', 0),
(162, 28, 29, '20230716070403_Mercedes-Benz GLB250 2.jpg', 0),
(163, 28, 29, '20230716070411_Mercedes-Benz GLB250 1.jpg', 0),
(164, 28, 29, '20230716070411_Mercedes-Benz GLB250 3.jpg', 0),
(165, 28, 29, '20230716070411_Mercedes-Benz GLB250 4.jpg', 0),
(166, 28, 29, '20230716070411_Mercedes-Benz GLB250 5.jpg', 0),
(167, 28, 29, '20230716070411_Mercedes-Benz GLB250 6.jpg', 0),
(168, 28, 29, '20230716070411_Mercedes-Benz GLB250 7.jpg', 0),
(169, 28, 29, '20230716070411_Mercedes-Benz GLB250 8.jpg', 0),
(170, 28, 29, '20230716070411_Mercedes-Benz GLB250 9.jpg', 0),
(171, 28, 29, '20230716070411_Mercedes-Benz GLB250 10.jpg', 0),
(225, 1, 19, '20230717093006_FB_IMG_1689502518721.jpg', 2),
(226, 1, 19, '20230717093006_FB_IMG_1689502516870.jpg', 3),
(227, 1, 19, '20230717093006_FB_IMG_1689502514874.jpg', 4),
(228, 1, 19, '20230717093006_FB_IMG_1689502511358.jpg', 5),
(229, 1, 19, '20230717093006_FB_IMG_1689502507593.jpg', 1),
(230, 1, 19, '20230717093006_FB_IMG_1689502505418.jpg', 0),
(232, 29, 30, '20230717095835_FB_IMG_1689601509915.jpg', 0),
(233, 29, 30, '20230717095835_FB_IMG_1689601517255.jpg', 1),
(235, 29, 30, '20230717095835_FB_IMG_1689601512237.jpg', 3),
(236, 30, 31, '20230718053012_FB_IMG_1689672274689.jpg', 0),
(237, 30, 31, '20230718053012_FB_IMG_1689672278600.jpg', 1),
(238, 30, 31, '20230718053012_FB_IMG_1689672281012.jpg', 2),
(239, 30, 31, '20230718053012_FB_IMG_1689672276777.jpg', 3),
(240, 31, 32, '20230718074929_FB_IMG_1689680765628.jpg', 0),
(241, 31, 32, '20230718074929_FB_IMG_1689680771351.jpg', 1),
(242, 31, 32, '20230718074929_FB_IMG_1689680768387.jpg', 2),
(243, 31, 32, '20230718074929_FB_IMG_1689680756926.jpg', 3),
(244, 31, 32, '20230718074929_FB_IMG_1689680761505.jpg', 4),
(245, 31, 32, '20230718074929_FB_IMG_1689680737842.jpg', 5),
(246, 32, 34, '20230720094647_EDEB07FD-86AB-4432-9DF8-4414FF012A84.jpeg', 0),
(247, 32, 34, '20230720094647_D7DCDFA9-68E6-42A2-87F2-B6B0E8AD1A13.jpeg', 1),
(248, 32, 34, '20230720094648_62E137F4-3791-4E73-994F-82BD4C765131.jpeg', 2),
(249, 32, 34, '20230720094649_0FCA1ADA-7FBE-497E-8842-7991C125A081.jpeg', 3);

-- --------------------------------------------------------

--
-- Table structure for table `item`
--

CREATE TABLE `item` (
  `id` int UNSIGNED NOT NULL,
  `title` varchar(200) CHARACTER SET utf8mb4 COLLATE utf8mb4_unicode_ci NOT NULL,
  `quality` tinyint DEFAULT NULL COMMENT '0-шинэ, 1-хуучин',
  `address` varchar(200) CHARACTER SET utf8mb4 COLLATE utf8mb4_unicode_ci NOT NULL,
  `price` decimal(22,2) UNSIGNED NOT NULL,
  `youtube` varchar(2048) CHARACTER SET utf8mb4 COLLATE utf8mb4_unicode_ci NOT NULL,
  `video` varchar(200) CHARACTER SET utf8mb4 COLLATE utf8mb4_unicode_ci NOT NULL,
  `extras` text CHARACTER SET utf8mb4 COLLATE utf8mb4_unicode_ci NOT NULL,
  `description` text CHARACTER SET utf8mb4 COLLATE utf8mb4_unicode_ci NOT NULL,
  `city` varchar(200) CHARACTER SET utf8mb4 COLLATE utf8mb4_unicode_ci NOT NULL,
  `name` varchar(128) CHARACTER SET utf8mb4 COLLATE utf8mb4_unicode_ci NOT NULL,
  `phone` varchar(12) CHARACTER SET utf8mb4 COLLATE utf8mb4_unicode_ci NOT NULL,
  `email` varchar(128) CHARACTER SET utf8mb4 COLLATE utf8mb4_unicode_ci NOT NULL,
  `userID` int NOT NULL COMMENT 'user id',
  `category` varchar(200) CHARACTER SET utf8mb4 COLLATE utf8mb4_unicode_ci NOT NULL COMMENT 'ex: c1_12 (category1, row id=12)',
  `item_viewer` int UNSIGNED DEFAULT NULL,
  `phone_viewer` int UNSIGNED DEFAULT NULL,
  `datetime` datetime DEFAULT NULL,
  `expire_days` int NOT NULL,
  `status` tinyint NOT NULL DEFAULT '0' COMMENT '0-regular, 1-special, 2-vip',
  `isactive` tinyint NOT NULL COMMENT '0-inactive, 1-review, 2-archive, 3-dismiss, 4-active',
  `boost` datetime DEFAULT NULL COMMENT 'Facebook boost expire datetime'
) ENGINE=MyISAM DEFAULT CHARSET=utf8mb4 COLLATE=utf8mb4_unicode_ci;

--
-- Dumping data for table `item`
--

INSERT INTO `item` (`id`, `title`, `quality`, `address`, `price`, `youtube`, `video`, `extras`, `description`, `city`, `name`, `phone`, `email`, `userID`, `category`, `item_viewer`, `phone_viewer`, `datetime`, `expire_days`, `status`, `isactive`, `boost`) VALUES
(1, 'Mercedes-Benz C class ', NULL, '', 0.00, 'https://www.youtube.com/embed/TxdQypRhYPw', '', '[{&quot;Мотор багтаамж&quot;:&quot;1600 сс&quot;},{&quot;Хурдны хайрцаг&quot;:&quot;&quot;},{&quot;Хүрд&quot;:&quot;&quot;},{&quot;Төрөл&quot;:&quot;&quot;},{&quot;Өнгө&quot;:&quot;Цагаан&quot;},{&quot;Үйлдвэрлэсэн он&quot;:&quot;2015 &quot;},{&quot;Орж ирсэн он&quot;:&quot;&quot;},{&quot;Хөдөлгүүр&quot;:&quot;Бензин&quot;},{&quot;Дотор өнгө&quot;:&quot;&quot;},{&quot;Лизинг&quot;:&quot;&quot;},{&quot;Хөтлөгч&quot;:&quot;&quot;},{&quot;Явсан&quot;:&quot;59000 км&quot;},{&quot;Нөхцөл&quot;:&quot;&quot;},{&quot;Хаалга&quot;:&quot;&quot;}]', '✅ Савхи даавуу хосолсон суудалтай\r\n✅ DVD HDD Bluetooth USB AUX хөгжимтэй\r\n✅ Арын камертай бүх талдаа мэдрэгчтэй \r\n✅ Урд машинаа дагана цагаан зураас мэдэрнэ\r\n✅ LED их гэрэлтэй \r\n✅ 4,5 B үнэлгээтэй', 'Улаанбаатар', 'Best Cars Авто Худалдаа', '+97699102173', '', 2, 'c4_177', 64, 4, '2023-07-10 10:48:51', 10, 2, 4, NULL),
(2, 'E300', NULL, '', 0.00, 'https://www.youtube.com/embed/FW7dUFoSU-s', '', '[{&quot;Мотор багтаамж&quot;:&quot;&quot;},{&quot;Хурдны хайрцаг&quot;:&quot;&quot;},{&quot;Хүрд&quot;:&quot;&quot;},{&quot;Төрөл&quot;:&quot;&quot;},{&quot;Өнгө&quot;:&quot;&quot;},{&quot;Үйлдвэрлэсэн он&quot;:&quot;2018&quot;},{&quot;Орж ирсэн он&quot;:&quot;2023&quot;},{&quot;Хөдөлгүүр&quot;:&quot;Бензин&quot;},{&quot;Дотор өнгө&quot;:&quot;&quot;},{&quot;Лизинг&quot;:&quot;&quot;},{&quot;Хөтлөгч&quot;:&quot;Бүх дугуй 4WD&quot;},{&quot;Явсан&quot;:&quot;&quot;},{&quot;Нөхцөл&quot;:&quot;&quot;},{&quot;Хаалга&quot;:&quot;&quot;}]', '✔ 360° камер\r\n✔ Wireless charger\r\n✔ Бензин 2.0 турбо мотор\r\n✔ 4 дугуйн хөтлөгч\r\n✔ Burmester sound\r\n✔ Энгийн амортизатортой\r\n✔ Урагшаа 9 араатай\r\n✔ Дижитал хянахтай\r\n✔ Урд хойд талын хар хайрцаг\r\n✔ Урд болон хойд суудал халаагч\r\n✔ ECO start/stop мотор амраагчтай\r\n✔ Ослоос сэргийлэх систем\r\n✔ Автомат паркинг\r\n✔ Blind spot monitor\r\n✔ Push start button\r\n✔ Sunroof лүүктэй\r\n✔ Хар модон оруулгатай салон\r\n✔ Бор шаргал арьсан суудал', 'Улаанбаатар', 'Urban Cars', '+97699192112', '', 3, 'c4_182', 73, 1, '2023-07-10 10:53:49', 10, 2, 4, NULL),
(3, 'GLE 350 ', NULL, '', 0.00, 'https://www.youtube.com/embed/l8wk0GnnSik', '', '[{&quot;Мотор багтаамж&quot;:&quot;&quot;},{&quot;Хурдны хайрцаг&quot;:&quot;&quot;},{&quot;Хүрд&quot;:&quot;&quot;},{&quot;Төрөл&quot;:&quot;&quot;},{&quot;Өнгө&quot;:&quot;Сувдан цагаан&quot;},{&quot;Үйлдвэрлэсэн он&quot;:&quot;2022&quot;},{&quot;Орж ирсэн он&quot;:&quot;2023&quot;},{&quot;Хөдөлгүүр&quot;:&quot;Бензин&quot;},{&quot;Дотор өнгө&quot;:&quot;Цагаан Савхин салонтай &quot;},{&quot;Лизинг&quot;:&quot;&quot;},{&quot;Хөтлөгч&quot;:&quot;&quot;},{&quot;Явсан&quot;:&quot;10299 Км&quot;},{&quot;Нөхцөл&quot;:&quot;&quot;},{&quot;Хаалга&quot;:&quot;&quot;},{&quot;Үйлдвэрлэсэн улс&quot;:&quot;&quot;},{&quot;Хөдөлгүүрийн багтаамж&quot;:&quot;2000 cc turbo&quot;}]', '✅AMG night package\r\nFull option \r\n✅Үйлдвэрлэсэн он 2022\r\n✅Орж ирсэн он 2023\r\n✅Гүйлт-6400 mile\r\n✅Өнгө- Сувдан цагаан \r\n✅Бензин \r\n✅Хөдөлгүүрийн багтаамж 2000cc turbo\r\n✅Урагшаа 9-н араатай\r\n✅Цагаан Савхин салонтай \r\n✅4 суудал хална, хөрнө\r\n✅Суудлын байршил санамж\r\n✅Дижитал дэлгэц\r\n✅том лүүктэй(panoromic sunroof)\r\n✅Ухаалаг утасны холболт- wireless charge\r\n✅Гүйцэж түрүүлж байгаа машин мэдрэгч - Blind spot\r\n✅Burmester sound system\r\n✅ Урд хойд зай мэдрэгч\r\n✅360 камер\r\n✅Урд салхины шилэн дээр км гарна\r\n✅Толь эвхэгч\r\n✅Ухаалаг LED их гэрэл\r\n✅Салоны гэрэлтүүлэг\r\n✅Түлхүүргүй ажиллах KeylessGo систем\r\n✅Automat parking \r\n✅Radar system\r\n✅Замын цагаан шугам мэдрэгч', 'Улаанбаатар', 'Амгалан Авто Плаза', '+97688110001', '', 4, 'c4_579', 20, 2, '2023-07-10 11:01:19', 30, 0, 4, NULL),
(4, 'Land 70/77', NULL, '', 0.00, '', '20230711022559_Abu auto.mp4', '[{&quot;Мотор багтаамж&quot;:&quot;&quot;},{&quot;Хурдны хайрцаг&quot;:&quot;&quot;},{&quot;Хүрд&quot;:&quot;&quot;},{&quot;Төрөл&quot;:&quot;&quot;},{&quot;Өнгө&quot;:&quot;&quot;},{&quot;Үйлдвэрлэсэн он&quot;:&quot;&quot;},{&quot;Орж ирсэн он&quot;:&quot;&quot;},{&quot;Хөдөлгүүр&quot;:&quot;&quot;},{&quot;Дотор өнгө&quot;:&quot;&quot;},{&quot;Лизинг&quot;:&quot;&quot;},{&quot;Хөтлөгч&quot;:&quot;&quot;},{&quot;Явсан&quot;:&quot;&quot;},{&quot;Нөхцөл&quot;:&quot;&quot;},{&quot;Хаалга&quot;:&quot;&quot;}]', 'Утсаар асуугаарай', 'Улаанбаатар', 'ALU CAB Mongolia', '+97699118257', '', 6, 'c4_322', 20, 2, '2023-07-11 02:27:13', 20, 1, 4, NULL),
(5, 'Дөрвөн улирлын Амины орон сууц', NULL, '', 1550000.00, '', '', '[]', '👉Байшин захиалга бүр бэлэгтэй.\r\n   👷‍♂️Манай компани таны хүссэн хэмжээ загвараар  4н улирлын Амины орон сууцыг барьж хүлээлгэн өгнө.\r\n✔️Үнэ. КАНАД БАЙШИН 1м2 -1.550.000 төгрөг \r\n              бетон суурь багтсан \r\n✅Үнэ 1м2 -  1.800.000 төгрөг \r\n         цэвэр бохир Орсон халаалт Орсон бетон суурь Орсон\r\nХамтрагч байгууллагууд.\r\nАНУ  Johns Manville  дулаалга \r\nMarch Design  3 Давхар вакум цонх\r\nRostorg.mn - Росторг ХХК  МЕТАЛЛ ДЭЭВЭР\r\nZebra SIP haus  ГАДНА ФАСАТ \r\nKOREA CABLE Шалны Халаалт \r\nАгааржуулагч Осак \r\n👍Мөн манайх Гачуурт -д. 8 айлын хотхондоо цөөхөн захиалга авч байна.    \r\n       💁‍♂️хотхонд. 70м2 байшин 126 Сая\r\n            Бэлэн байшин 70м2  135сая', 'Улаанбаатар', 'Зуслангийн Байшин Констракшн ххк', '+97699001482', 'zuslangiinbaishin@gmail.com', 7, 'c3_493', 13, 1, '2023-07-11 03:15:17', 20, 1, 4, NULL),
(7, 'FJ CRUISER (GSJ15L)', NULL, '', 99000000.00, '', '', '[{&quot;Мотор багтаамж&quot;:&quot;4000 cc&quot;},{&quot;Хурдны хайрцаг&quot;:&quot;&quot;},{&quot;Хүрд&quot;:&quot;Зөв&quot;},{&quot;Төрөл&quot;:&quot;&quot;},{&quot;Өнгө&quot;:&quot;Шаргал&quot;},{&quot;Үйлдвэрлэсэн он&quot;:&quot;2007 &quot;},{&quot;Орж ирсэн он&quot;:&quot;2023 &quot;},{&quot;Хөдөлгүүр&quot;:&quot;Бензин&quot;},{&quot;Дотор өнгө&quot;:&quot;Хар&quot;},{&quot;Лизинг&quot;:&quot;&quot;},{&quot;Хөтлөгч&quot;:&quot;&quot;},{&quot;Явсан&quot;:&quot;100.000 км&quot;},{&quot;Нөхцөл&quot;:&quot;&quot;},{&quot;Хаалга&quot;:&quot;4&quot;}]', '#БҮХ_БАНКНЫ_ЛИЗИНГТЭЙ\r\n#ББСБ_ЛИЗИНГ\r\n#МАШИН_ОРОЛЦУУЛНА\r\n#НӨАТын_БАРИМТТАЙ\r\nGSJ15L Toyota FJ Cruiser Шаргал:\r\n- 2007 оны 07 сард үйлдвэрлэсэн\r\n- 2023 оны 01 cарын 13-нд буусан\r\n- 3.5B үнэлгээ, 100.000 км гүйлттэй\r\n- 4000cc, 1GR V6 бензин хөдөлгүүртэй\r\n- Залгаж салгадаг мосттой\r\n#ҮНЭ: 99 сая\r\n- Шаргал өнгөтэй\r\n- Хар салонтой\r\n- Зөв жолооны хүрдтэй\r\n- Японоос орж ирсэн\r\n- Мөнххада дээр бүх шингэн сольсон\r\n/мотор, кроп, туслах, редуктор, гидр, тормосын бүх шингэн/\r\n- Мөнххада дээр явах ангийн бүх втулк, тормосны аппарат сольсон\r\n- Мөнххада дээр солигдсон бүх сэлбэг OEM\r\n- ARB Mongolia-д Old Man Emu пүрш, амортизатор, урд гар, амортизаторын таваг сольсон\r\n- BFGoodrich KM3 285/75R17 brand new дугуй\r\n- Spain-аас ирсэн /5bogd, braid-c биш/ braid wheel +7m\r\n- Patriot тавцан ачаа шинэ\r\n- Урдаа, хажуудаа камер, хар хайрцагтай\r\n- Ухрах камер\r\n- Гадна болон салон маш цэвэрхэн\r\n- Only orignal уриатай тоноглосон 30-50ккм зөвхөн бензин, моторын тос солихоос өөр хийх зүйлгүй\r\n- Бүх деталь үйлдвэрийн будгаараа, ямар ч сэв зураасгүй, бодит гүйлттэй, маш цэвэрхэн, туулах чадвар сайтай, загварлаг, хийх ёстой бүх зүйлийг хийсэн, аялалд бэлэн маш сайн Toyota FJ Cruiser GSJ15L зарна.\r\n- ТӨЛБӨРИЙН НӨХЦӨЛ:\r\n👍Банк (Урьд 20%, хүү: 1.6-1.8%, хугацаа 30 сар)\r\n👍ББСБ (урьд 20-40%, хүү 2.3-2.9%, хугацаа 48 сар)\r\n👍Trade in (Унаж байгаа машинаа урьдчилгаанд оролцуулж болно)\r\nЖич: Монголд үйл ажиллагаа явуулж байгаа бүх банкны зээлээр авах боломжтой.', 'Улаанбаатар', 'Sain Motors', '+97677117736', '', 8, 'c4_309', 4, 0, '2023-07-11 06:08:17', 30, 0, 4, NULL),
(8, 'ГРАНД ПЛАЗА-д тансаг зэрэглэлийн талбай', NULL, 'ГРАНД ПЛАЗА ХУДАЛДААНЫ ТӨВ', 2400000000.00, '', '', '[{&quot;Талбай&quot;:&quot;175 м2&quot;},{&quot;Барилгын явц&quot;:&quot;&quot;},{&quot;Лизингээр авах боломж&quot;:&quot;&quot;}]', 'Баруун дөрвөн замд байрлах ГРАНД ПЛАЗА ХУДАЛДААНЫ ТӨВ 2-р давхарт 2.12 а / 219 тоот талбай', 'Улаанбаатар', 'Гранд плаза', '+97699114554', '', 9, 'c3_29', 5, 0, '2023-07-11 06:14:03', 30, 0, 4, NULL),
(9, ' Conquer Falcon 700 чиргүүл', NULL, '', 270000000.00, '', '', '[]', 'Аяллын болон хээрийн зориулалттай бүх төрлийн тоноглолтой Conquer Falcon 700 чиргүүл санал болгож байна.', 'Улаанбаатар', 'AutoART Mongolia', '+97699111815', '', 10, 'c3_96', 5, 0, '2023-07-11 06:17:11', 30, 0, 4, NULL),
(10, '5 айлын амины хаус', NULL, 'Гачууртын Шивэртэйн ам', 0.00, '', '', '[{&quot;Талбай&quot;:&quot;&quot;},{&quot;Барилгын явц&quot;:&quot;&quot;},{&quot;Лизингээр авах боломж&quot;:&quot;Бартер болон хувь лизингтэй&quot;}]', '🌿  Улаанбаатар хотоос Зүүн зүгт 35км-т амралт аялалын бүс болох Гачууртын Шивэртэйн аманд байгуулсан 5 айлын амины хаусыг танилцуулж байна.  \r\nБид чанар бөгөөд тав тухыг мөрдлөг болгон сэтгэл зүрхээ зориулан бүтээв.\r\n👉 Хаусны онцлогууд: \r\nТөрөл: Амины сингли хаус \r\nДизайн. Модерн \r\nДавхарын тоо: 2 давхар тагт болон террасстай \r\nӨрөөний тоо: Зочин, гал тогоо хамт, унтлагын 3 өрөө, 2 ариун цэврийн өрөөтэй\r\nТалбай: 208м.кв болон 228м.кв гэх хоёр загвартай \r\nХалаалт: Цахилгаан \r\nУс: Гүний худаг\r\n👉 Гадна орчны тохижилт: \r\n-Хотхон гаднаа зочны машины зогсоолыг шийдэж өгсөн. \r\n- Айл бүр тусдаа автомашины зам гражтай  \r\n- Хүүхдийн тоглоомтой\r\n👉 Бартер болон хувь лизингтэй. Мөн 100% бэлэн төлөлтөнд үнийн онцгой  хөнгөлөлт үзүүлнэ. ', 'Улаанбаатар', 'Five Seasons Villa', '+97689112668', '', 11, 'c3_28', 3, 0, '2023-07-11 06:21:17', 30, 0, 4, NULL),
(11, 'ЗУУН НАСТ ХОТХОН', NULL, 'Зуун наст', 260000000.00, '', '', '[{&quot;Талбай&quot;:&quot;140 м2&quot;},{&quot;Барилгын явц&quot;:&quot;&quot;},{&quot;Лизингээр авах боломж&quot;:&quot;Бартер&quot;}]', 'ЗУУН НАСТ ХОТХОН 140 МКВ ХАУС ХЯМД ЗАРНА\r\n дөнгөж ашиглалтад орж буй шинэ 5 хаус бна! \r\n🍀Гол Мод Уул гээд бүгд цогцолсон байгальтай\r\n☑️Хоттой ойр боловч утаа ороогүй хамгийн байгаль сайтай хотхон \r\n☑️500мкв газар,хашаа бүгд үнэндээ орсон\r\nҮНЭ: 260 сая-с \r\n🔹4 унтлагын өрөөтэй\r\n🔹Гал тогоо зочны өрөө\r\n🔹2 ариун цэврийн өрөөтэй том террастай 2 балконтой\r\n🚘 Байршил Дамбаас Шарга морьтруу нийлдэг шинэ замаар яваад гүүрний зүүн талд Зуун наст гэсэн самбараар эргээд 500м-т байрладаг.\r\n🔹Бартер оролцуулнаа….📞', 'Улаанбаатар', 'House', '+97685848780', '', 12, 'c3_28', 2, 0, '2023-07-11 06:31:44', 30, 0, 4, NULL),
(13, '197 айлын хаус хотхон G Villa', NULL, 'Гачууртын бага шар хоолойн ам', 3030000.00, '', '', '[{&quot;Талбай&quot;:&quot;&quot;},{&quot;Барилгын явц&quot;:&quot;&quot;},{&quot;Лизингээр авах боломж&quot;:&quot;&quot;}]', '☎️8309-7000, 8310-7000, 7775-7555\r\n📍Гачууртын бага шар хоолойн аманд бүтээн байгуулж байгаа 197 айлын хаус хотхон G Villa-Жи Вилла төслийн ЗАХИАЛГА АВЧ БАЙНА.\r\n🏘Хаус сонголт:\r\n🏡Villa A, А2 - Твин хаус 68,03 мкв, 80,1мкв\r\n🏡Villa B, B2 - Таун хаус 68,03 мкв, 80,1мкв\r\n🏡Villa C - Сингл хаус 83,3 мкв\r\n     💰Үндсэн үнэ: \r\n2023.05.01 өдрөөс 3,030,000₮\r\n2023.07.01 өдрөөс 3,200,000₮\r\n2023.10.01 өдрөөс 3,500,000₮\r\n     💰Авто машины дулаан зогсоолын үнэ: 18,000,000₮\r\n📍Төлбөрийн нөхцөл: 30% төлөөд гэрээ байгуулах, бартер оролцуулах, 12 сарын хугацаанд хуваан төлөх боломжтой.\r\n⏳Ашиглалтанд орох хугацаа:\r\n 2023 оны 4-р улиралд 1-р ээлжийн 79 хаус\r\n 2024 оны 3 улиралд 2-р ээлжийн 118 хаус\r\n     ⚜️Давуу тал:\r\n✅12 га талбайд 60 хувьд нь ногоон байгууламж, нийтийн эзэмшлийн зам талбайтай\r\n✅ Хөрс, агаарын бохирдолгүй, цэвэр агаарт\r\n✅Айл бүр өөрийн эдэлбэр газартай\r\n✅Бохирын нэгдсэн септик системтэй\r\n✅Club house үйлчилгээний төвд coffee shop, супермаркет, эмийн сан, фитнесс заал \r\n✅Нийтийн эзэмшлийн авто машины 447 зогсоол\r\n✅Явган болон гүйлтийн 2.5 км зам, Hiking хийх зам\r\n✅120 хүүхдийн цэцэрлэг, өдөр өнжүүлэх, дугуйлангууд, хүүхэд хүргэлтийн автобус үйлчилгээтэй\r\n✅24 цагийн камерын систем бүхий харуул хамгаалалттай\r\n✅Усан оргилуур, урсац бүхий гол хиймэл нуур \r\n✅Хүүхдийн насны онцлогт тохирсон тоглоомын талбай, сагс, хөл бөмбөгийн талбай\r\n☎️Борлуулалтын утас: 8309-7000\r\n                                      8310-7000\r\n                                      7775-7555 \r\n📍Борлуулалтын албаны хаяг 1: Чингэлтэй дүүрэг 1-р хороо 2-р 40 мянгат 41-35 тоот, Ард кино театраас хойш Монгол банкны баруун талд “NEST” үл хөдлөх хөрөнгийн цогц үйлчилгээ.\r\n📍Борлуулалтын албаны хаяг 2: Баруун 4 зам, барилгын коллежийн хажууд Шинэ Монгол хаад группын 5 давхарт, 501 тоот', 'Улаанбаатар', 'NEST Property Service', '+97683097000', '', 13, 'c3_28', 5, 0, '2023-07-11 06:37:17', 30, 0, 4, NULL),
(14, 'AUDI A6 QUATTRO', NULL, '', 0.00, '', '', '[{&quot;Мотор багтаамж&quot;:&quot;2800 cc&quot;},{&quot;Хурдны хайрцаг&quot;:&quot;&quot;},{&quot;Хүрд&quot;:&quot;&quot;},{&quot;Төрөл&quot;:&quot;&quot;},{&quot;Өнгө&quot;:&quot;&quot;},{&quot;Үйлдвэрлэсэн он&quot;:&quot;2013&quot;},{&quot;Орж ирсэн он&quot;:&quot;2023&quot;},{&quot;Хөдөлгүүр&quot;:&quot;&quot;},{&quot;Дотор өнгө&quot;:&quot;&quot;},{&quot;Лизинг&quot;:&quot;&quot;},{&quot;Хөтлөгч&quot;:&quot;&quot;},{&quot;Явсан&quot;:&quot;150000 км&quot;},{&quot;Нөхцөл&quot;:&quot;&quot;},{&quot;Хаалга&quot;:&quot;&quot;}]', '🚌#AUDI_A6_QUATTRO_4WD\r\n📉#ЗАХ_ЗЭЭЛИЙН_ҮНЭЭС_ХЯМД \r\n🎓#ҮНЭЛГЭЭ_3.5B\r\n🗾#ГҮЙЛТ_150К_БОДИТ\r\n🏭#ҮЙЛДВЭРЛЭСЭН_ОН: 2013ОН\r\n🎯#ОРЖ_ИРЭХ_ХУГАЦАА:2023ОН\r\n⚙️ #ХӨДӨЛГҮҮР: 2800СС', 'Улаанбаатар', 'Automoto Mongolia', '+97699099634', '', 14, 'c4_15', 9, 0, '2023-07-11 06:44:10', 30, 0, 4, NULL),
(15, 'ЦАХИЛГААН СКҮҮТЭР', NULL, '', 2450000.00, '', '', '[]', '✍️Үзүүлэлт:\r\n🛴 Дээд хурд 50-55км/цаг\r\n🛴Моторын хүч 1000w\r\n🛴Туулах зам: зөвхөн шулуун замын үзүүлэлт   120-150км  \r\n🛴Баттерэй 28.6Ah\r\n🛴 Даац 150кг -200кг\r\n🛴 Цэнэглэх хугацаа 8-10цаг\r\n🛴Хос амортизатортой\r\nДавуу тал:\r\n🔹өгсүүр дээр хүч алдахгүй.\r\n🔹хуруун хаазтай тул эмэгтэй, эрэгтэй хүнд илүү хялбар аюулгүй \r\n🔹өндөр намандаа тааруулж руль ээ сунгана.\r\n🔹эргэх дохионы, тормосны гэрэлтэй\r\n🔹даацын амортизатортай тул зөөлөн явдалтай \r\n🔹Хулгайгаас сэргийлсэн ухаалаг чип дохиололтой, ба дугуйгаа түгжих сестемтэй.\r\n🔹бороо усны хамгаалалт /Water proof 55/\r\nЭвхэгдээд  ямар ч машины багажинд орно. гэрт зай эзлэхгүй.\r\n#ДЭЛГҮҮРИЙН_ҮНЭЭР_СЭЛБЭГ_НИЙЛҮҮЛНЭ__ЭНЭ_НЬ_АШГИЙН_БУС\r\n📌Жинхэнэ Ориг QR certificate тай баттерей.\r\n🤙Утас: 99507629.\r\nМөн манайх зээлтэй болсон.\r\nУрьдчилгаагүй бас ямар ч шимтгэл төлөхгүй гээд бод доо. 😇😱🤗 ', 'Улаанбаатар', 'Original Scooter Mongolia', '+97699507629', '', 15, 'c2_98', 16, 3, '2023-07-11 06:48:47', 30, 0, 4, NULL),
(16, 'Li Mongolia Цахилгаан автомашин', 0, '', 0.00, '', '20230711065520_li mongolia.mp4', '[{&quot;Мотор багтаамж&quot;:&quot;&quot;},{&quot;Хурдны хайрцаг&quot;:&quot;&quot;},{&quot;Хүрд&quot;:&quot;&quot;},{&quot;Төрөл&quot;:&quot;&quot;},{&quot;Өнгө&quot;:&quot;&quot;},{&quot;Үйлдвэрлэсэн он&quot;:&quot;&quot;},{&quot;Орж ирсэн он&quot;:&quot;&quot;},{&quot;Хөдөлгүүр&quot;:&quot;&quot;},{&quot;Дотор өнгө&quot;:&quot;&quot;},{&quot;Лизинг&quot;:&quot;&quot;},{&quot;Хөтлөгч&quot;:&quot;&quot;},{&quot;Явсан&quot;:&quot;&quot;},{&quot;Нөхцөл&quot;:&quot;&quot;},{&quot;Хаалга&quot;:&quot;4&quot;}]', 'Голомт банк, Төрийн банкны 🌿#НОГООН #ЗЭЭЛ🌿 - тэй урьдчилгаа 0️⃣%-30% жилийн хүү 12%-14,4%\r\n𝐋𝐢-𝐎𝐍𝐄-тай хамт орон зайн эрх чөлөөг мэдэр...\r\nИлүү аюулгүй. Илүү ухаалаг. Илүү амар\r\nМанайд бэлэн зарагдаж байна\r\n✅Нэг цэнэгээрээ 1080км\r\n✅4 дугуйн хөтлөгчтэй /AWD/\r\n✅Өөрөөсөө 220V -ийн хэрэглээний тог гаргана\r\n✅Багажийн хаалга хөл мэдэрч нээгдэнэ\r\n✅360 камертай, radar системтэй\r\n✅Панорамик шилэн дээвэр\r\n✅Баталгаат сервис үйлчилгээтэй\r\n✅Нийлүүлж буй автомашиндаа баталгаа олгоно\r\n✅Сэлбэг хэрэгслээр хангана\r\n✅Дугаарын хязгаарлалтад орохгүй\r\n✅Нэгдүгээр эгнээгээр чөлөөтэй зорчино\r\n1,5%-1,7% хувын хүүтэй Банкны зээлд хамруулна\r\n2,5%-3% ын хүүтэй Банк бус санхүүгийн зээлэнд хамруулна.', 'Улаанбаатар', 'Li Mongolia', '+97699004649', '', 16, 'c3_91', 24, 0, '2023-07-11 06:56:15', 10, 2, 4, NULL),
(17, 'test', NULL, '', 0.00, '', '', '[{&quot;Мотор багтаамж&quot;:&quot;&quot;},{&quot;Хурдны хайрцаг&quot;:&quot;&quot;},{&quot;Хүрд&quot;:&quot;&quot;},{&quot;Төрөл&quot;:&quot;&quot;},{&quot;Өнгө&quot;:&quot;&quot;},{&quot;Үйлдвэрлэсэн он&quot;:&quot;&quot;},{&quot;Орж ирсэн он&quot;:&quot;&quot;},{&quot;Хөдөлгүүр&quot;:&quot;&quot;},{&quot;Дотор өнгө&quot;:&quot;&quot;},{&quot;Лизинг&quot;:&quot;&quot;},{&quot;Хөтлөгч&quot;:&quot;&quot;},{&quot;Явсан&quot;:&quot;&quot;},{&quot;Нөхцөл&quot;:&quot;&quot;},{&quot;Хаалга&quot;:&quot;&quot;}]', 'sd', 'Улаанбаатар', 'sd', '+97688994545', '', 17, 'c4_145', 2, 0, '2023-07-12 11:08:05', 30, 0, 3, NULL),
(18, 'TECHWAREZ', 0, '', 25000.00, '', '', '[]', '✅ Үнэ: 25.000₮ (3-с дээш хүргэлт үнэгүй)\r\n✅ Савалгаа: 450мл\r\n✅ Суурин компьютер\r\n✅ Нөүтбүүк, keyboard\r\n✅ Мэргэжлийн камер, гар утас\r\n✅ Цахилгаан бараа\r\n✅ Автомашины салоны нарийн тоос шороо, бохирдол цэвэрлэх зориулалттай, аюулгүй 💯 зөв сонголт.', 'Улаанбаатар', 'TECHWAREZ', '+97689334747', '', 18, 'c4_412', 4, 0, '2023-07-13 04:16:12', 10, 2, 4, NULL),
(19, 'test 123', NULL, '', 123.00, 'https://www.youtube.com/embed/yJLZvQqcpME', '20230717064746_Авто хөгжим 8080.mp4', '[{&quot;Талбай&quot;:&quot;&quot;},{&quot;Барилгын явц&quot;:&quot;&quot;},{&quot;Лизингээр авах боломж&quot;:&quot;&quot;}]', 'asd test', 'Улаанбаатар', 'Todbayar Altankhuyag', '+97699213557', '', 1, 'c3_28', 46, 0, '2023-07-27 12:44:51', 30, 0, 0, NULL),
(20, '18 айлын Happy хотхон', 0, 'Найрамдал зуслан', 130000000.00, '', '', '[{&quot;Талбай&quot;:&quot;61 м2&quot;},{&quot;Барилгын явц&quot;:&quot;&quot;},{&quot;Лизингээр авах боломж&quot;:&quot;&quot;}]', '✌️Ердөө 2хон байшин үлдсэн шүү\r\n🏡Хотын төвөөс 20км зайд  #Найрамдал-д 18айлын &#039;&#039;Happy хотхон&#039;&#039; 100% ашиглалтанд орсон.\r\n🏡 Жилийн 4улирал амьдрах боломжтой \r\n🏡Айл бүр өөрийн гэсэн 400мк талбайтай гоё мод тарих боломжтой 🌳🌳🌳\r\n🏡Нэгдсэн нэг харуул хамгаалттай 🧑‍✈️\r\n🏡Айл тус бүр гадна камертай (утсаараа хянах боломжтой)\r\n🏡 Хүүхдийн тоглоомын талбайтай 🎡🎢\r\n🏡 Тогоор халдаг ✅\r\n🏡 Гүний худагтай💧💧💧\r\n🏡 Бохирын асуудалыг айл тус бүрд нь шийдэж өгсөн ✅\r\n🏡 Канад технологиор баригдсан. \r\nБайшин 61мк 3өрөө , террас 10,5 мк , айл бүр автомат хаалгатай 20мк дулаан гражтай \r\n🏡 Нийт үнэ 130сая\r\n Утас:88113681, 96966030 \r\n📍байршил: 47°57&#039;55.4&quot;N 106°42&#039;43.1&quot;E', 'Улаанбаатар', 'HAPPY хотхон', '+97696966030', '', 19, 'c3_28', 4, 0, '2023-07-13 04:28:53', 20, 1, 4, NULL),
(21, 'Ар гүнт Цагаан хушхан хотхон', NULL, 'Ар гүнт хотхон', 1450000.00, '', '', '[{&quot;Талбай&quot;:&quot;65 м2&quot;},{&quot;Барилгын явц&quot;:&quot;&quot;},{&quot;Лизингээр авах боломж&quot;:&quot;&quot;}]', 'Урьдчилгаа 50% төлөөд үлдэгдэл 50% ыг 3-5 жилийн хугацаанд хувь лизингээр төлөх нөхцөлтэй өвөл зуны зуслангийн 65м2  тай 2өрөө 75 м2 тай 3 өрөө 85 м2 тай 3 өрөө  90м² -тай 2 давхар 3 өрөөтэй байшин худалдана. \r\nҮнэ 1м2 нь 1.450.000 төгрөг\r\nМөн урьдчилгаа 50% төлөөд үлдэгдэл 50% дээр барилгын материал, газар ,машин оролцуулж бартер хийж болно.\r\n\r\nАр гүнт хотхон\r\n\r\nХотын хамгийн цэвэр агаартай  Ар гүнтийн аманд урдуураа хусан ойтой  тэгш эрүүл газарт баригдсан төсөл.\r\n\r\n-Цэвэр бохир усны нэгдсэн систем\r\n-Халаалтын нэгдсэн систем\r\n-Душ ариун цэврийн өрөө\r\n- Суурь бетон цутгалт\r\n- Ханын дүүргэлт полистрол блок\r\n- Паркетан шал ,вакуум цонхтой\r\n- Ногоон байгууламж мод ургамал\r\n- Явган хүний зам талбай\r\n- Гэрэлтүүлэг\r\n- Сагсны талбай\r\n-Ширээний теннис\r\n- Хүүхдийн тоглоомын талбай\r\n- Сүүдрэвч\r\n-Барбекю\r\n-Нэгдсэн хашаа', 'Улаанбаатар', 'Ар гүнт хотхон', '+97694001528', '', 20, 'c3_28', 6, 0, '2023-07-16 09:45:36', 30, 0, 4, NULL),
(22, 'Зөөврийн сууц', NULL, '', 31900000.00, '', '', '[{&quot;Талбай&quot;:&quot;&quot;},{&quot;Төрөл&quot;:&quot;&quot;},{&quot;Барилгын явц&quot;:&quot;&quot;},{&quot;Лизингээр авах боломж&quot;:&quot;&quot;}]', '🏡ЗУСЛАНДАА БАЙРШУУЛАХ \r\n🏘️🪝ЗӨӨВРИЙН БАЙШИН \r\nХийц материал маш сайтай 4 улиралын зуслангийн зөөврийн сууцаа \r\n🎁1. Хүргэлт үнэгүй  эсвэл👉\r\n🎁2.Камен зуухны бэлэгтэй худалдана.', 'Улаанбаатар', 'Гэрэлт өргөө хаус', '+97680181089', '', 21, 'c3_27', 2, 0, '2023-07-16 10:18:50', 30, 0, 4, NULL),
(23, 'Geely Coolray', 0, '', 79000000.00, '', '', '[{&quot;Мотор багтаамж&quot;:&quot;&quot;},{&quot;Хурдны хайрцаг&quot;:&quot;&quot;},{&quot;Хүрд&quot;:&quot;&quot;},{&quot;Төрөл&quot;:&quot;&quot;},{&quot;Өнгө&quot;:&quot;&quot;},{&quot;Үйлдвэрлэсэн он&quot;:&quot;&quot;},{&quot;Орж ирсэн он&quot;:&quot;&quot;},{&quot;Хөдөлгүүр&quot;:&quot;&quot;},{&quot;Дотор өнгө&quot;:&quot;&quot;},{&quot;Лизинг&quot;:&quot;&quot;},{&quot;Хөтлөгч&quot;:&quot;&quot;},{&quot;Явсан&quot;:&quot;&quot;},{&quot;Нөхцөл&quot;:&quot;&quot;},{&quot;Хаалга&quot;:&quot;&quot;}]', 'Урамшуулалд:\r\n🎁Банк дүүрэн шатахуун\r\n🎁Geely брэндийн бэлэг\r\n🎁Цонхны хальс\r\n🎁Шалавч\r\n- 4 жилийн баталгаа /100,000 км/\r\n- Засвар, үйлчилгээ\r\n\r\n📞Борлуулалтын менежерүүд:\r\n9411-2201, 9411-2202, 9411-2204, 9411-2205, 9411-2207, 9411-2209, 9411-2210, 9411-2213, 9411-2216,\r\n📍Хаяг 1: ХУД, 19-р хороолол, Таван Богд Группийн төв байр, Geely\r\n\r\n📍Хаяг 2: СБД, Сүхбаатарын талбайн зүүн талд, Улаанбаатар Галлерэй төв.', 'Улаанбаатар', 'Таван Богд Моторс', '+97694112201', '', 22, 'c3_91', 4, 0, '2023-07-16 10:33:11', 30, 0, 4, NULL),
(24, 'OSHAN Changan Z6', 0, '', 99000000.00, '', '', '[{&quot;Мотор багтаамж&quot;:&quot;&quot;},{&quot;Хурдны хайрцаг&quot;:&quot;&quot;},{&quot;Хүрд&quot;:&quot;Зөв&quot;},{&quot;Төрөл&quot;:&quot; Жийп&quot;},{&quot;Өнгө&quot;:&quot;&quot;},{&quot;Үйлдвэрлэсэн он&quot;:&quot;&quot;},{&quot;Орж ирсэн он&quot;:&quot;&quot;},{&quot;Хөдөлгүүр&quot;:&quot;&quot;},{&quot;Дотор өнгө&quot;:&quot;&quot;},{&quot;Лизинг&quot;:&quot;&quot;},{&quot;Хөтлөгч&quot;:&quot;&quot;},{&quot;Явсан&quot;:&quot;&quot;},{&quot;Нөхцөл&quot;:&quot;&quot;},{&quot;Хаалга&quot;:&quot;&quot;}]', '- 1.5 сс Турбо /4 хос яндан/ \r\n- Автомат механик хосолсон 7 араа\r\n- Зөв талдаа рүльтэй\r\n- Gray, Blue L, Green Blue өнгөний сонголт\r\n- Суудал халаагч, хөргөгч\r\n- Бүтэн люктэй\r\n- Эко/ конфорт/ спорт модел\r\n- wireless charger / утас цэнэглэгч\r\n- Караоке\r\n- Fice ID/ царай таньж машин онгойх, асах\r\n- Sony брендийн дефүзэр дугаралт\r\n- Утасны функцээ машин дээр цацах систем\r\n- Тамхины утаа мэдрэгч /цонх онгойно/\r\n- 540 градус 3D камер , салооны камер\r\n- BLACK BOX 360 градус бичлэг хийх \r\n- Жолоочийн тав тух, ядарсан эсэхийг таних сануулга өгөх     ухаалаг хөтөч\r\n- Дохио зангаа, хурууны хөдөлгөөн мэдрэх смарт систем\r\n- Fitness six pack хийх/ Машин доторх тоглоом\r\n- Авто паркинг систем\r\n- Автоматаар гүйцэт түрүүлэх систем\r\n- Гэх мэт Бүрэн Ухаалаг системтэй\r\nБанк ББСБ лизингээр Урьдчилгаа 20-50% төлөөд авах боломжтой. ', 'Улаанбаатар', 'Авто Лизинг Төв', '+97699104797', '', 23, 'c3_91', 2, 0, '2023-07-16 10:44:43', 20, 1, 4, NULL),
(25, 'Mercedes-Benz B class ', NULL, '', 26000000.00, '', '', '[{&quot;Мотор багтаамж&quot;:&quot;1600 cc&quot;},{&quot;Хурдны хайрцаг&quot;:&quot;&quot;},{&quot;Хүрд&quot;:&quot;&quot;},{&quot;Төрөл&quot;:&quot;&quot;},{&quot;Өнгө&quot;:&quot;Метал цэнхэр&quot;},{&quot;Үйлдвэрлэсэн он&quot;:&quot;2012&quot;},{&quot;Орж ирсэн он&quot;:&quot;2021&quot;},{&quot;Хөдөлгүүр&quot;:&quot;Бензин&quot;},{&quot;Дотор өнгө&quot;:&quot;Хар&quot;},{&quot;Лизинг&quot;:&quot;&quot;},{&quot;Хөтлөгч&quot;:&quot;Урд FWD&quot;},{&quot;Явсан&quot;:&quot;93000 км&quot;},{&quot;Нөхцөл&quot;:&quot;&quot;},{&quot;Хаалга&quot;:&quot;&quot;}]', '- Liqui moly-д үйлчилгээндээ орсон\r\n- Толь дохиотой\r\n- HID их гэрэлтэй гоёлын лед гэрэлтэй \r\n- Хурд баригч Radar criuse control буюу хурд түгжигчтэй, тормос hold, гүйцэд түрүүлэхэд ойрын зайд байгаа машин мэдэрдэг.\r\n- HDD, DVD, AUX, BLUETOOTH,  FLASH, MEMORY  TV хөгжимтэй\r\n- Бүх талын зайн мэдрэгч\r\n- Ухрах камер\r\n- Автомат механик хосолсон\r\n- Paddle shift буюу руль дээрээс араагаа солих\r\n- Урд машинаа дагах систем', 'Улаанбаатар', 'Amilia Luxury Boutique', '+97688101927', '', 24, 'c4_176', 6, 1, '2023-07-16 05:41:31', 10, 2, 4, NULL),
(26, 'Subaru XV CROSSTREK', NULL, '', 25000000.00, '', '', '[{&quot;Мотор багтаамж&quot;:&quot;2.0 л&quot;},{&quot;Хурдны хайрцаг&quot;:&quot;Автомат/Механик&quot;},{&quot;Хүрд&quot;:&quot; Буруу&quot;},{&quot;Төрөл&quot;:&quot;Жийп&quot;},{&quot;Өнгө&quot;:&quot;Цэнхэр&quot;},{&quot;Үйлдвэрлэсэн он&quot;:&quot;2014&quot;},{&quot;Орж ирсэн он&quot;:&quot;2019&quot;},{&quot;Хөдөлгүүр&quot;:&quot;&quot;},{&quot;Дотор өнгө&quot;:&quot;Хар&quot;},{&quot;Лизинг&quot;:&quot;Лизинггүй&quot;},{&quot;Хөтлөгч&quot;:&quot;Бүх дугуй 4WD&quot;},{&quot;Явсан&quot;:&quot;16000 км&quot;},{&quot;Нөхцөл&quot;:&quot;&quot;},{&quot;Хаалга&quot;:&quot;5&quot;}]', '✅Хурд хэмжигч баригчтай\r\n✅Sunroof буюу лүүктэй\r\n✅BT DVD CD AUX Car Play system Ориг хөгжимтэй( Touch )\r\n✅Савхин суудал салонтой\r\n✅Их гэрэл угаагч\r\n✅Урд хоёр суудал халаагчтай \r\n✅Түгжрэлд бензин хэмнэх, автоматаар унтрах системтэй', 'Улаанбаатар', 'Хувь хүн', '+97695904011', '', 25, 'c4_281', 26, 11, '2023-07-16 05:53:42', 30, 0, 4, NULL),
(27, 'Гэр бүлийн Эко хотхон', NULL, 'Зуунмод хотод', 61009000.00, '', '', '[{&quot;Талбай&quot;:&quot;&quot;},{&quot;Барилгын явц&quot;:&quot;&quot;},{&quot;Лизингээр авах боломж&quot;:&quot;&quot;},{&quot;Шал&quot;:&quot;&quot;},{&quot;Тагт&quot;:&quot;&quot;},{&quot;Ашиглалтанд орсон он&quot;:&quot;&quot;},{&quot;Гараж&quot;:&quot;&quot;},{&quot;Цонх&quot;:&quot;&quot;},{&quot;Барилгын давхар&quot;:&quot;&quot;},{&quot;Хаалга&quot;:&quot;&quot;},{&quot;Хэдэн давхарт&quot;:&quot;&quot;},{&quot;Цонхны тоо&quot;:&quot;&quot;}]', '🚗 Улаанбаатар хотоос 40км зайд \r\n\r\n🌱🌿🍃 Ногоон байгальд\r\n🌬 Цэвэр агаарт \r\n🏞 Дуу чимээнээс ангид\r\n🌃 Нам гүм \r\n🛣 Түгжрэл 🌫 утаа аль нь ч байхгүй\r\n🌳🌴Эрүүл хөрс ямар ч бохирдолгүй\r\n👨‍👩‍👧‍👦  Гэр бүл, хүүхдэд хамгийн тохиромжтой \r\n🎡 Хүүхдийн тоглоомын талбай\r\n👵👴 Ахмад буурлуудын ая тухыг хангасан \r\n⛩️  Амар тайван орчин\r\n\r\nАшиглалтанд орох хугацаа: \r\n2024 оны I улирал 100% хүлээлгэн өгнө.\r\n\r\n🔑Үндсэн үнэ: 2.400.000₮\r\n🔑Бартерийн үнэ: 2.200.000 /авто машин оролцуулж болно/\r\n🔑Хямдралтай үнэ: 1.900.000 ₮ /НӨАТ орсон үнэ/. \r\n\r\n🎉100% бэлэн төлөлттэй 2 болон 3 өрөө цөөхөн байрны захиалга дараах бэлэгтэй🎉\r\n \r\n🎁 Бэлэг 1        Зочны өрөөний буйдан \r\n🎁Бэлэг 2         Хөргөгч \r\n🎁Бэлэг 3         Үүдний шүүгээ \r\n\r\nТа эдгээрээс өөрт таалагдсан бэлгээ сонгож шинэ гэртээ авах боломжтой \r\n\r\nӨрөөний сонголтууд: \r\n🏢 1 өрөө 32.11 м²     61.009.000 ₮ \r\n🏢 2 өрөө 39.24 м²     74.556.000₮\r\n🏢 2 өрөө 44.12 м²     83.828.000₮ \r\n🏢 2 өрөө 52.38 м²     99.528.000₮\r\n🏢 3 өрөө 70.03 м²     133.057.000₮\r\n🏢 3 өрөө 69.03 м²     141.511.500₮ /мастер унтлагын өрөөтэй м² 2.050.000₮/ ', 'Төв', 'Дүнжингарав Резидэнс', '+97686609666', '', 26, 'c4_4', 7, 0, '2023-07-16 06:19:21', 10, 2, 4, NULL),
(28, 'PRIUS 30д 10н инчийн Андройд хөгжим', 0, '', 0.00, '', '20230716065604_10000000_6285391601580141_3070439283012735741_n.mp4', '[]', '-10 ИНЧИЙН АНДРОЙД ХӨГЖИМ ШИНЭЭР ИРЛЭЭ\r\n-ХАЯГААР ОЧИЖ ХОЛБОЛТ ХИЙЖ СУУРИЛУУЛНА\r\n-ХӨДӨӨ ОРОН НУТАГРУУ УНААНД ХҮРГЭЖ ЯВУУЛНА', 'Улаанбаатар', 'Авто хөгжим', '+97699195137', '', 27, 'c4_413', 4, 0, '2023-07-16 06:57:19', 20, 1, 4, NULL),
(29, 'Мерседес бенз GLB250', NULL, '', 195000000.00, '', '', '[{&quot;Мотор багтаамж&quot;:&quot;2.0 сс &quot;},{&quot;Хурдны хайрцаг&quot;:&quot;&quot;},{&quot;Хүрд&quot;:&quot;&quot;},{&quot;Төрөл&quot;:&quot;&quot;},{&quot;Өнгө&quot;:&quot;&quot;},{&quot;Үйлдвэрлэсэн он&quot;:&quot;2021&quot;},{&quot;Орж ирсэн он&quot;:&quot;2021 &quot;},{&quot;Хөдөлгүүр&quot;:&quot;&quot;},{&quot;Дотор өнгө&quot;:&quot;&quot;},{&quot;Лизинг&quot;:&quot;&quot;},{&quot;Хөтлөгч&quot;:&quot;&quot;},{&quot;Явсан&quot;:&quot;11800 км&quot;},{&quot;Нөхцөл&quot;:&quot;&quot;},{&quot;Хаалга&quot;:&quot;&quot;}]', '- Бүтэн хуулгатай\r\n- Дотор нано өнгөлгөөтэй\r\n- Бор хүрэн арьсан суудал\r\n- 4 matic\r\n- Шатахуун зарцуулалт бага\r\n- 2.0сс турбо хүчтэй хөдөлгүүр\r\n- Туулах чадвар сайн\r\n- Бүрэн үйлчилгээ хийгдсэн\r\n\r\nЖич: Эвдрэл гэмтэлгүй, өнгө үзэмж эдэлгээ сайтай автомашин болон гэрчилгээтэй жижиг талбайтай орон сууц оролцуулж болно', 'Улаанбаатар', 'Хувь хүн', '+97699901515', '', 28, 'c4_193', 13, 0, '2023-07-16 07:06:00', 10, 2, 4, NULL),
(30, 'Тесла', NULL, 'Хан-Уул дүүрэг Яармаг, Хотын захиргааны баруун тал UB AUTOCOM комплекс  Б корпус LEAF CENTER showroom', 260000000.00, '', '', '[{&quot;Мотор багтаамж&quot;:&quot;&quot;},{&quot;Хурдны хайрцаг&quot;:&quot;&quot;},{&quot;Хүрд&quot;:&quot;&quot;},{&quot;Төрөл&quot;:&quot;&quot;},{&quot;Өнгө&quot;:&quot;Цагаан&quot;},{&quot;Үйлдвэрлэсэн он&quot;:&quot;&quot;},{&quot;Орж ирсэн он&quot;:&quot;&quot;},{&quot;Хөдөлгүүр&quot;:&quot;&quot;},{&quot;Дотор өнгө&quot;:&quot;Хар&quot;},{&quot;Лизинг&quot;:&quot;&quot;},{&quot;Хөтлөгч&quot;:&quot;Хойноо RWD&quot;},{&quot;Явсан&quot;:&quot;&quot;},{&quot;Хаалга&quot;:&quot;&quot;}]', '✅TESLA MODEL Y манай showroom-д ирлээ\r\n✅2023 он \r\n✅Өнгө:Хар саарал \r\n✅Цагаан салонтой \r\n✅Long Range \r\n✅Нэг цэнэгээр туулах зай: 660км\r\n✅20 инчийн дугуйтай \r\n✅Дөрвөн дугуй хөтлөгчтэй\r\n✅Нэг цэнэглэлтээр туулах зай: 660 км\r\n✅Батарейны багтаамж  78,4квт/ц\r\n✅Моторын хүчин чадал:330kw буюу\r\n450 морины хүчтэй \r\n✅Үнэ:270 сая₮\r\n\r\n✅TESLA MODEL Y\r\n✅2023/05\r\n✅Өнгө:Хар \r\n✅Хар салонтой \r\n✅Basuc edition \r\n✅19 инчийн обудтай\r\n✅Нэг цэнэглэлтээр  зай:545км\r\n✅Хойноо хөтлөгчтэй\r\n✅Батерейны багтаамж:60квт\r\n✅Моторын хүчин чадал 194kw\r\n✅264 морины хүчтэй \r\n✅Үнэ:220 сая₮\r\n\r\n✅TESLA MODEL Y\r\n✅2023/05\r\n✅Өнгө:Хар \r\n✅Хар салонтой\r\n✅Long range edition \r\n✅19 инчийн обудтай\r\n✅Нэг цэнэгээр туулах зай:660км \r\n✅Дөрвөн дугуйгаар хөтлөгчтэй\r\n✅Батерейны багтаамж:78,4 квт/ц\r\n✅Моторын хүчин чадал: 330kw\r\n✅450морины хүчтэй\r\n✅Үнэ:260сая₮\r\n\r\n✅TESLA MODEL Y\r\n✅2023/05\r\n✅Өнгө:Цагаан\r\n✅Хар салонтой \r\n✅Basuc edition \r\n✅Нэг цэнэглэлтээр туулах зай:545км\r\n✅Хойноо хөтлөгчтэй\r\n✅Батерейны багтаамж:60квт/ц\r\n✅Моторын хүчин чадал 194kw\r\n✅264 морины хүчтэй \r\n✅Үнэ:230 сая₮ \r\n\r\n✅Урт:     4750мм\r\n✅Өргөн: 1921мм\r\n✅Өндөр: 1624мм\r\n✅Дугуйны размер: 255/45/R19\r\n✅Дугуй хоорондын зай: 2890мм\r\n✅Суудлын тоо: 5\r\n✅Жин: 1997кг\r\n✅Дээд хурд 217 км/ц\r\n✅100 км/ц хурдыг 5-6,9 секундэд авна\r\n✅Суудал халаагчтай\r\n✅360°камертай\r\n✅220в-д 13 цаг\r\n✅Хурдан цэнэглэгчид 30 минутанд 80% хүртэл цэнэглэнэ. \r\n\r\n🎁 220в 32А ханын цэнэглэгч бэлгэнд\r\n\r\n✅Нийлүүлж буй автомашинууддаа баталгаа олгоно.\r\n✅Сэлбэг хэрэгслээр хангана\r\n✅Сервис үйлчилгээг хийнэ.', 'Улаанбаатар', 'Leaf Center', '+97680909060', '', 29, 'c3_558', 5, 0, '2023-07-17 09:45:56', 30, 0, 4, NULL),
(31, '2 өрөө байр', 0, 'ХУД, Нисэхийн спорт цогцолборын урд талд', 2990000.00, '', '', '[{&quot;Талбай&quot;:&quot;&quot;},{&quot;Барилгын явц&quot;:&quot;&quot;},{&quot;Лизингээр авах боломж&quot;:&quot;&quot;},{&quot;Шал&quot;:&quot;&quot;},{&quot;Тагт&quot;:&quot;&quot;},{&quot;Ашиглалтанд орсон он&quot;:&quot;2023 оны сүүлээр&quot;},{&quot;Гараж&quot;:&quot;&quot;},{&quot;Цонх&quot;:&quot;&quot;},{&quot;Барилгын давхар&quot;:&quot;&quot;},{&quot;Хаалга&quot;:&quot;&quot;},{&quot;Хэдэн давхарт&quot;:&quot;&quot;},{&quot;Цонхны тоо&quot;:&quot;&quot;}]', '🌅🌅 35 сая төгрөг төлөөд  4 жилийн хүүгүй зээлээр зарах , 2 өрөө цөөн байр үлдлээ. \r\n🍀🍀🍀 40 сая төгрөг төлөөд 5 жилийн хүүгүй зээлээр 3 өрөө байраа аваарай. Машин  оролцуулж болно.\r\n\r\nДавуу талууд:\r\n👍 Бүрэн цутгамал\r\n👍Бүрэн камержуулсан\r\n👍Нэгдсэн харуул хамгаалалттай\r\n👍Домофом системтэй\r\n👍Авто машины дулаан болон гадна зогсоол хүрэлцээтэй\r\n👍Хүүхдийн тоглоомын талбай, ногоон байгууламжтай\r\n👍Сангийн техникийн шугам, арматур Орос\r\n👍Тагтны нэгдсэн тагтны вакум хаалттай', 'Улаанбаатар', 'Garden Hill', '+97690711300', '', 30, 'c4_1', 3, 0, '2023-07-18 05:30:12', 30, 0, 4, NULL),
(32, 'HP зөөврийн компьютерүүд', 0, '', 0.00, '', '', '[{&quot;Дэлгэцийн хэмжээ&quot;:&quot;&quot;}]', '🤩HP брэндийн зөөврийн компьютер 😲Өртөг үнээр худалдаалж байна.\r\n👉100% Урьдчилгаагүй лизингээр худалдан аваарай.\r\n✅Ажлын бүтээмжээ нэмэгдүүлэх, бүтээлч сэтгэхүйгээ тэлэх, илүү хурдтай саадгүй хичээллэх боломжыг бий болгох, гацалтгүй өндөр хурдтайгаар тоглох зэргээр та өөрийн хэрэгцээгээ мэдэрч түүнд тохирсон худалдан авалтыг хийхийг санал болгож байна.\r\n✅Бид танд хямд үнэ, чанартай бүтээгдэхүүн, өргөн сонголтыг санал болгож байна.\r\n✅Хэрэв та өөрийн сонголтоо хийж амжаагүй байгаа бол манай дэлгүүр дээр ирээд мэргэжлийн худалдааны зөвлөхүүдээс зөвөлгөө аваарай!\r\n💁‍♂️Та зээлээ 15 минутын дотор шийдүүлээд аваарай. Дэлгэрэнгүй мэдээлэл авахыг хүсвэл коммент хэсэгт мэдээлэл гэж бичнэ үү.\r\n---\r\nОнлайн зээлийн хүсэлт: https://bit.ly/3CFS3K3\r\nОнлайн дэлгүүр: https://pc-mall.mn/products/hp-15s-eq3035au-ryzen-5-5625u-8gb-512gb-ssd-natural-silver\r\n---\r\n𝐏𝐂 𝐌𝐚𝐥𝐥 | 𝐖𝐞 𝐡𝐚𝐯𝐞 𝐢𝐭 𝐚𝐥𝐥', 'Улаанбаатар', 'PC mall', '+97699035429', '', 31, 'c3_288', 5, 1, '2023-07-18 07:49:29', 20, 1, 4, NULL),
(35, 'test ad', NULL, '', 123.00, '', '', '[]', 'asd', 'Улаанбаатар', 'Төмөр Алтанхуяг', '+97680104547', 'misheelgamestudio@gmail.com', 5, 'c1_15', 11, 0, '2023-07-27 12:47:50', 10, 2, 3, NULL),
(34, 'Toyota Corolla', 1, 'Уб', 10800000.00, '', '', '[{&quot;Мотор багтаамж&quot;:&quot;1500&quot;},{&quot;Хурдны хайрцаг&quot;:&quot;Автомат&quot;},{&quot;Хүрд&quot;:&quot;Буруу&quot;},{&quot;Төрөл&quot;:&quot;Седан&quot;},{&quot;Өнгө&quot;:&quot;Цагаан&quot;},{&quot;Үйлдвэрлэсэн он&quot;:&quot;2006&quot;},{&quot;Орж ирсэн он&quot;:&quot;2015&quot;},{&quot;Хөдөлгүүр&quot;:&quot;&quot;},{&quot;Дотор өнгө&quot;:&quot;Хар&quot;},{&quot;Лизинг&quot;:&quot;Байхгүй&quot;},{&quot;Хөтлөгч&quot;:&quot;Урдаа&quot;},{&quot;Явсан&quot;:&quot;150000&quot;},{&quot;Нөхцөл&quot;:&quot;&quot;},{&quot;Хаалга&quot;:&quot;4&quot;}]', 'Хийх юмгүй маш цэмбэгэр, сайхан тэргээ зарна', 'Улаанбаатар', 'Ганзориг', '+97699180833', 'ganzo_872@yahoo.com', 32, 'c4_304', 35, 4, '2023-07-20 09:46:50', 30, 0, 4, NULL);

-- --------------------------------------------------------

--
-- Table structure for table `user`
--

CREATE TABLE `user` (
  `id` int UNSIGNED NOT NULL,
  `uid` varchar(255) CHARACTER SET utf8mb3 COLLATE utf8mb3_unicode_ci NOT NULL,
  `name` varchar(128) CHARACTER SET utf8mb3 COLLATE utf8mb3_unicode_ci DEFAULT NULL,
  `image` varchar(200) CHARACTER SET utf8mb3 COLLATE utf8mb3_unicode_ci DEFAULT NULL,
  `email` varchar(128) CHARACTER SET utf8mb3 COLLATE utf8mb3_unicode_ci DEFAULT NULL,
  `phone` varchar(12) CHARACTER SET utf8mb3 COLLATE utf8mb3_unicode_ci NOT NULL,
  `city` varchar(128) CHARACTER SET utf8mb3 COLLATE utf8mb3_unicode_ci DEFAULT NULL,
  `affiliate` varchar(12) CHARACTER SET utf8mb3 COLLATE utf8mb3_unicode_ci DEFAULT NULL,
  `bank_name` varchar(200) CHARACTER SET utf8mb3 COLLATE utf8mb3_unicode_ci DEFAULT NULL,
  `bank_owner` varchar(200) CHARACTER SET utf8mb3 COLLATE utf8mb3_unicode_ci DEFAULT NULL,
  `bank_account` varchar(200) CHARACTER SET utf8mb3 COLLATE utf8mb3_unicode_ci DEFAULT NULL,
  `socialpay` varchar(200) CHARACTER SET utf8mb3 COLLATE utf8mb3_unicode_ci DEFAULT NULL,
  `topup` decimal(10,2) UNSIGNED DEFAULT NULL,
  `role` int DEFAULT NULL COMMENT 'user role as superadmin=4, admin=3, manager=2 and publisher=1 or user=0',
  `status` int DEFAULT NULL COMMENT 'inactive=0, active=1',
  `token` varchar(200) CHARACTER SET utf8mb3 COLLATE utf8mb3_unicode_ci DEFAULT NULL COMMENT 'Firebase Cloud Messaging Token (fcm)',
  `signed` datetime DEFAULT NULL,
  `lastlogged` datetime DEFAULT NULL
) ENGINE=MyISAM DEFAULT CHARSET=utf8mb3 COLLATE=utf8mb3_unicode_ci;

--
-- Dumping data for table `user`
--

INSERT INTO `user` (`id`, `uid`, `name`, `image`, `email`, `phone`, `city`, `affiliate`, `bank_name`, `bank_owner`, `bank_account`, `socialpay`, `topup`, `role`, `status`, `token`, `signed`, `lastlogged`) VALUES
(1, '8578DFA2-3AB5-4C03-B551-FDF7517AA494', 'Todbayar Altankhuyag', '20230709085206_MyPic.jpg', 'misheelgamestudio@gmail.com', '+97699213557', 'Улаанбаатар', '', 'ХААН банк', 'Тодбаяр Алтанхуяг', '5020922323', '20230709085611_Todbayar SocialPay QR 1.jpg', NULL, 4, 1, 'cY2I0-NF_1ESo70IJRRu0N:APA91bGTVvDEFn7bizhFLY9NqVKDTc4w6ZuHc2MpbY0kTbbNmRwUfFMcxLdyW5PuY6KClDdWh6gzNd0Gv7aKq4N63XifZ66mE-YEiUX5uw850wXnADNv-R8eEYvqq7z1q_U3t3ZXL5cQ', '2023-07-09 00:00:00', '2023-07-27 08:26:44'),
(2, '', 'Best Cars Авто Худалдаа', NULL, '', '+97699102173', 'Улаанбаатар', '+97699213557', NULL, NULL, NULL, NULL, NULL, 0, 1, NULL, NULL, NULL),
(3, '', 'Urban Cars', NULL, '', '+97699192112', 'Улаанбаатар', '+97699213557', NULL, NULL, NULL, NULL, NULL, 0, 1, NULL, NULL, NULL),
(4, '', 'Амгалан Авто Плаза', NULL, '', '+97688110001', 'Улаанбаатар', '+97699213557', NULL, NULL, NULL, NULL, NULL, 0, 1, NULL, NULL, NULL),
(5, 'SF2amAVyDOOXOCEOHSdqwnpB36S2', 'Төмөр Алтанхуяг', NULL, 'atodko0513@gmail.com', '+97680104547', 'Улаанбаатар', '', '', '', '', NULL, NULL, 1, 1, 'e-lXlBtMzJsQs_RlL0WMrP:APA91bHJ-ke-gryRi7Oolet59rM4uKUFJB3Cw0O5y99vXkZPdzBsaz-i7_-Pjh_w9rbZpNbiVLhDPqGB4wpO6BchdQH0wUmu4jOfMAE8HvDClzFgAMXZV6sbkA-bNNzojwJDMzokmIGv', '2023-07-11 00:00:00', '2023-07-27 12:47:34'),
(6, '', 'ALU CAB Mongolia', NULL, '', '+97699118257', 'Улаанбаатар', '+97699213557', NULL, NULL, NULL, NULL, NULL, 0, 1, NULL, NULL, NULL),
(7, 'nPHBIHqxPvUiULOw7wBrEpQL9eG2', 'Зуслангийн Байшин Констракшн ххк', NULL, 'zuslangiinbaishin@gmail.com', '+97699001482', 'Улаанбаатар', '+97699213557', NULL, NULL, NULL, NULL, NULL, 0, 1, NULL, NULL, '2023-07-11 03:19:27'),
(8, '', 'Sain Motors', NULL, '', '+97677117736', 'Улаанбаатар', '+97699213557', NULL, NULL, NULL, NULL, NULL, 0, 1, NULL, NULL, NULL),
(9, '', 'Гранд плаза', NULL, '', '+97699114554', 'Улаанбаатар', '+97699213557', NULL, NULL, NULL, NULL, NULL, 0, 1, NULL, NULL, NULL),
(10, '', 'AutoART Mongolia', NULL, '', '+97699111815', 'Улаанбаатар', '+97699213557', NULL, NULL, NULL, NULL, NULL, 0, 1, NULL, NULL, NULL),
(11, '', 'Five Seasons Villa', NULL, '', '+97689112668', 'Улаанбаатар', '+97699213557', NULL, NULL, NULL, NULL, NULL, 0, 1, NULL, NULL, NULL),
(12, 'SRjorYeWaKgTFFDQZioCqNFI01S2', 'House', NULL, '', '+97685848780', 'Улаанбаатар', '+97699213557', NULL, NULL, NULL, NULL, NULL, 0, 1, NULL, NULL, '2023-07-11 06:29:19'),
(13, '', 'NEST Property Service', NULL, '', '+97683097000', 'Улаанбаатар', '+97699213557', NULL, NULL, NULL, NULL, NULL, 0, 1, NULL, NULL, NULL),
(14, '', 'Automoto Mongolia', NULL, '', '+97699099634', 'Улаанбаатар', '+97699213557', NULL, NULL, NULL, NULL, NULL, 0, 1, NULL, NULL, NULL),
(15, '', 'Original Scooter Mongolia', NULL, '', '+97699507629', 'Улаанбаатар', '+97699213557', NULL, NULL, NULL, NULL, NULL, 0, 1, NULL, NULL, NULL),
(16, '', 'Li Mongolia', NULL, '', '+97699004649', 'Улаанбаатар', '+97699213557', NULL, NULL, NULL, NULL, NULL, 0, 1, NULL, NULL, NULL),
(17, '', 'sd', NULL, '', '+97688994545', 'Улаанбаатар', '+97699213557', NULL, NULL, NULL, NULL, NULL, 0, 1, NULL, NULL, NULL),
(18, '', 'TECHWAREZ', NULL, '', '+97689334747', 'Улаанбаатар', '+97699213557', NULL, NULL, NULL, NULL, NULL, 0, 1, NULL, NULL, NULL),
(19, '', 'HAPPY хотхон', NULL, '', '+97696966030', 'Улаанбаатар', '+97699213557', NULL, NULL, NULL, NULL, NULL, 0, 1, NULL, NULL, NULL),
(20, '', 'Ар гүнт хотхон', NULL, '', '+97694001528', 'Улаанбаатар', '+97699213557', NULL, NULL, NULL, NULL, NULL, 0, 1, NULL, NULL, NULL),
(21, '', 'Гэрэлт өргөө хаус', NULL, '', '+97680181089', 'Улаанбаатар', '+97699213557', NULL, NULL, NULL, NULL, NULL, 0, 1, NULL, NULL, NULL),
(22, '', 'Таван Богд Моторс', NULL, '', '+97694112201', 'Улаанбаатар', '+97699213557', NULL, NULL, NULL, NULL, NULL, 0, 1, NULL, NULL, NULL),
(23, '', 'Авто Лизинг Төв', NULL, '', '+97699104797', 'Улаанбаатар', '+97699213557', NULL, NULL, NULL, NULL, NULL, 0, 1, NULL, NULL, NULL),
(24, '', 'Amilia Luxury Boutique', NULL, '', '+97688101927', 'Улаанбаатар', '+97699213557', NULL, NULL, NULL, NULL, NULL, 0, 1, NULL, NULL, NULL),
(25, '', 'Хувь хүн', NULL, '', '+97695904011', 'Улаанбаатар', '+97699213557', NULL, NULL, NULL, NULL, NULL, 0, 1, NULL, NULL, NULL),
(26, '', 'Дүнжингарав Резидэнс', NULL, '', '+97686609666', 'Төв', '+97699213557', NULL, NULL, NULL, NULL, NULL, 0, 1, NULL, NULL, NULL),
(27, '', 'Авто хөгжим', NULL, '', '+97699195137', 'Улаанбаатар', '+97699213557', NULL, NULL, NULL, NULL, NULL, 0, 1, NULL, NULL, NULL),
(28, '', 'Хувь хүн', NULL, '', '+97699901515', 'Улаанбаатар', '+97699213557', NULL, NULL, NULL, NULL, NULL, 0, 1, NULL, NULL, NULL),
(29, 'ZbT1ZOuoAndMQlqVxQ92SAmjjX02', 'Leaf Center', NULL, '', '+97680909060', 'Улаанбаатар', '+97699213557', NULL, NULL, NULL, NULL, NULL, 0, 1, NULL, NULL, '2023-07-17 09:57:57'),
(30, '', 'Garden Hill', NULL, '', '+97690711300', 'Улаанбаатар', '+97699213557', NULL, NULL, NULL, NULL, NULL, 0, 1, NULL, NULL, NULL),
(31, '', 'PC mall', NULL, '', '+97699035429', 'Улаанбаатар', '+97699213557', NULL, NULL, NULL, NULL, NULL, 0, 1, NULL, NULL, NULL),
(32, '8Y2XpTXex1asRRRkDn2X5oIAtCm2', 'Ганзориг', NULL, 'ganzo_872@yahoo.com', '+97699180833', 'Улаанбаатар', '+97699213557', '', '', '', NULL, NULL, 0, 1, NULL, '2023-07-20 00:00:00', '2023-07-20 09:42:57');

-- --------------------------------------------------------

--
-- Table structure for table `validater`
--

CREATE TABLE `validater` (
  `id` int UNSIGNED NOT NULL,
  `value` varchar(200) CHARACTER SET utf8mb4 COLLATE utf8mb4_unicode_ci NOT NULL,
  `state` int NOT NULL COMMENT '	0=verifies, 1=verifying, 2=verified, userID	',
  `type` int NOT NULL COMMENT '	0=phone call, 1=email'
) ENGINE=InnoDB DEFAULT CHARSET=utf8mb3 COLLATE=utf8mb3_unicode_ci;

--
-- Indexes for dumped tables
--

--
-- Indexes for table `category1`
--
ALTER TABLE `category1`
  ADD PRIMARY KEY (`id`);

--
-- Indexes for table `category2`
--
ALTER TABLE `category2`
  ADD PRIMARY KEY (`id`);

--
-- Indexes for table `category3`
--
ALTER TABLE `category3`
  ADD PRIMARY KEY (`id`);

--
-- Indexes for table `category4`
--
ALTER TABLE `category4`
  ADD PRIMARY KEY (`id`);

--
-- Indexes for table `chat`
--
ALTER TABLE `chat`
  ADD PRIMARY KEY (`id`);

--
-- Indexes for table `favorite`
--
ALTER TABLE `favorite`
  ADD PRIMARY KEY (`id`);

--
-- Indexes for table `images`
--
ALTER TABLE `images`
  ADD UNIQUE KEY `id` (`id`),
  ADD UNIQUE KEY `image` (`image`);

--
-- Indexes for table `item`
--
ALTER TABLE `item`
  ADD PRIMARY KEY (`id`);

--
-- Indexes for table `user`
--
ALTER TABLE `user`
  ADD PRIMARY KEY (`id`),
  ADD UNIQUE KEY `phone` (`phone`);

--
-- Indexes for table `validater`
--
ALTER TABLE `validater`
  ADD PRIMARY KEY (`id`),
  ADD UNIQUE KEY `value` (`value`);

--
-- AUTO_INCREMENT for dumped tables
--

--
-- AUTO_INCREMENT for table `category1`
--
ALTER TABLE `category1`
  MODIFY `id` int NOT NULL AUTO_INCREMENT, AUTO_INCREMENT=20;

--
-- AUTO_INCREMENT for table `category2`
--
ALTER TABLE `category2`
  MODIFY `id` int NOT NULL AUTO_INCREMENT, AUTO_INCREMENT=140;

--
-- AUTO_INCREMENT for table `category3`
--
ALTER TABLE `category3`
  MODIFY `id` int NOT NULL AUTO_INCREMENT, AUTO_INCREMENT=559;

--
-- AUTO_INCREMENT for table `category4`
--
ALTER TABLE `category4`
  MODIFY `id` int NOT NULL AUTO_INCREMENT, AUTO_INCREMENT=580;

--
-- AUTO_INCREMENT for table `chat`
--
ALTER TABLE `chat`
  MODIFY `id` int UNSIGNED NOT NULL AUTO_INCREMENT, AUTO_INCREMENT=55;

--
-- AUTO_INCREMENT for table `favorite`
--
ALTER TABLE `favorite`
  MODIFY `id` int UNSIGNED NOT NULL AUTO_INCREMENT, AUTO_INCREMENT=4;

--
-- AUTO_INCREMENT for table `images`
--
ALTER TABLE `images`
  MODIFY `id` int UNSIGNED NOT NULL AUTO_INCREMENT, AUTO_INCREMENT=250;

--
-- AUTO_INCREMENT for table `item`
--
ALTER TABLE `item`
  MODIFY `id` int UNSIGNED NOT NULL AUTO_INCREMENT, AUTO_INCREMENT=36;

--
-- AUTO_INCREMENT for table `user`
--
ALTER TABLE `user`
  MODIFY `id` int UNSIGNED NOT NULL AUTO_INCREMENT, AUTO_INCREMENT=33;

--
-- AUTO_INCREMENT for table `validater`
--
ALTER TABLE `validater`
  MODIFY `id` int UNSIGNED NOT NULL AUTO_INCREMENT, AUTO_INCREMENT=13;
COMMIT;

/*!40101 SET CHARACTER_SET_CLIENT=@OLD_CHARACTER_SET_CLIENT */;
/*!40101 SET CHARACTER_SET_RESULTS=@OLD_CHARACTER_SET_RESULTS */;
/*!40101 SET COLLATION_CONNECTION=@OLD_COLLATION_CONNECTION */;
